track_uri,track,artist,plays,past_like_rate,p_liked,liked,p_morning,fits_morning,p_afternoon,fits_afternoon,p_evening,fits_evening,p_late_night,fits_late_night
spotify:track:6cBuMdWhOIspoEsDlmTnZh,nothing Changed,cortex,39,0.872,0.632,True,0.781,True,0.642,True,0.598,True,0.581,True
spotify:track:72fSEYOXmccGvk5GjiNtKX,tell me what you want,Sasha Keable,20,0.95,0.624,True,0.781,True,0.642,True,0.556,True,0.607,True
spotify:track:4CB14bFHaGrnmD5LkFvHRy,Ghost,Jhené Aiko,30,0.933,0.618,True,0.759,True,0.629,True,0.554,True,0.615,True
spotify:track:2KsdIzS7ThRCqoFnSNIZW7,Close To Me,cortex,13,0.846,0.61,True,0.757,True,0.638,True,0.567,True,0.55,True
spotify:track:6UPpwf7gqwqhigGCjAOZeG,Golden Boy,cortex,10,0.9,0.6,True,0.753,True,0.627,True,0.553,True,0.546,True
spotify:track:113xf7t4qNM7038YJvauik,Nervous,The Neighbourhood,14,0.857,0.6,True,0.751,True,0.607,True,0.571,True,0.546,True
spotify:track:0cma4j3yRQI8JWM1Bt9Dce,Love Don’t Happen,cortex,9,0.889,0.6,True,0.757,True,0.617,True,0.559,True,0.544,True
spotify:track:1fOv3fmJBDf0xCGWsfy0Zw,Hypnotized,cortex,12,0.833,0.599,True,0.754,True,0.619,True,0.555,True,0.547,True
spotify:track:239rzFI7QQNFmDdvCyQNf2,Don't Try,cortex,22,0.864,0.598,True,0.751,True,0.618,True,0.556,True,0.544,True
spotify:track:1Hpw1itDTl92Qpxr9FuDNW,Confused,cortex,12,0.833,0.595,True,0.752,True,0.621,True,0.546,True,0.54,True
spotify:track:4Efkz2fw4BgqFaWfLReqKN,risk it all,kwn,9,0.889,0.593,True,0.758,True,0.642,True,0.51,True,0.555,True
spotify:track:0juhyxK0QHg6K5mWeQfGXi,6 In The Morning,cortex,31,0.774,0.591,True,0.735,True,0.606,True,0.574,True,0.51,True
spotify:track:3b1BegGaiYoh45QCJzwLfy,December 10th,cortex,10,0.9,0.588,True,0.748,True,0.609,True,0.541,True,0.538,True
spotify:track:5Mb5tVWnNvp9eNLBi43zsE,A Living Light,Jhené Aiko,4,1.0,0.588,True,0.767,True,0.598,True,0.504,True,0.594,True
spotify:track:4vRugVmIISNCvvIFcum3NM,Dream Prayer,Chantress Seba,7,1.0,0.587,True,0.764,True,0.598,True,0.508,True,0.586,True
spotify:track:1qmTyz4l8mLlxGqGP2YjCF,$$$ (feat. Normani),Gunna,5,1.0,0.586,True,0.75,True,0.579,True,0.547,True,0.555,True
spotify:track:2GBJ8CJthZCNwngl6JOhBu,Unholy,Mckay,13,0.846,0.585,True,0.757,True,0.606,True,0.535,True,0.53,True
spotify:track:0bkTdkWwGk3OGFX0afD3Wj,Mystery Lady,Masego,12,0.833,0.583,True,0.747,True,0.599,True,0.53,True,0.544,True
spotify:track:4Y8MG7qcAMk7JB7Eebpcvu,Blue Dream,Jhené Aiko,28,0.929,0.581,True,0.751,True,0.584,True,0.534,True,0.546,True
spotify:track:2HniXaCX3oipZgUUzuTDy8,Who Could It Be?,cortex,94,0.968,0.579,True,0.745,True,0.589,True,0.519,True,0.555,True
spotify:track:3yu5otkADG1ldufrPxABoo,Wetin,Yarden,23,0.826,0.578,True,0.738,True,0.588,True,0.526,True,0.548,True
spotify:track:1jloWdvMh9nwHUu3mag8CL,Mad Over You,Runtown,22,0.818,0.578,True,0.734,True,0.596,True,0.52,True,0.549,True
spotify:track:5A3NYWleEF8IiihYxjakIg,Passport,cortex,8,0.875,0.577,True,0.742,True,0.604,True,0.528,True,0.519,True
spotify:track:0pzWCDSuVRX7m95EFOxVa0,Drunk Dialing...LODT,Summer Walker,8,0.875,0.574,True,0.722,True,0.58,True,0.539,True,0.533,True
spotify:track:2VyaGJJI8dOiv36F8vHZIL,Slow Down,Chase Atlantic,4,1.0,0.574,True,0.74,True,0.591,True,0.492,True,0.576,True
spotify:track:2KtS31kaWNHs12Q5B43Ixh,Right Here,Chase Atlantic,3,1.0,0.574,True,0.727,True,0.599,True,0.494,True,0.57,True
spotify:track:6GkFuU6FVfx866bhM1T1Iz,Ole (feat. BNXN),Qing Madi,4,1.0,0.574,True,0.727,True,0.575,True,0.498,True,0.594,True
spotify:track:1Dmf9wjpBi17WnSWY4IHmD,Attention,cortex,92,0.946,0.574,True,0.745,True,0.572,True,0.519,True,0.555,True
spotify:track:4i3GraNMzBKze1WsVl38DS,Bria's Interlude (feat. Omarion),Drake,21,0.857,0.573,True,0.757,True,0.586,True,0.518,True,0.527,True
spotify:track:4dYhse0clrMQgMrCHyCnwR,good girl,kwn,18,0.778,0.571,True,0.715,True,0.582,True,0.537,True,0.522,True
spotify:track:5hvyS23Ya468Sp4VeL48U5,Unhinged,Masego,9,0.889,0.571,True,0.749,True,0.579,True,0.514,True,0.538,True
spotify:track:7Aq3pnhSzI8FnHt7T6TPsX,turned your back,Gunna,9,1.0,0.571,True,0.746,True,0.56,True,0.543,True,0.522,True
spotify:track:4RJTTrZqPFWaWACVXHkvjw,Everyday,Ariana Grande,8,0.875,0.571,True,0.711,True,0.587,True,0.52,True,0.541,True
spotify:track:5o5akY9xnEk6lpMkD8RwD9,Teacher's Pet,Melanie Martinez,36,0.917,0.57,True,0.717,True,0.573,True,0.533,True,0.534,True
spotify:track:1xETraMwCVzcgv16veZXgR,Temptations,Jay Safari,10,0.9,0.569,True,0.743,True,0.577,True,0.51,True,0.543,True
spotify:track:52eTMAJ0INSQvraVcGdUj2,6 In The Morning,cortex,5,1.0,0.568,True,0.744,True,0.589,True,0.513,True,0.519,True
spotify:track:1qPbGZqppFwLwcBC1JQ6Vr,Wonderwall,Oasis,13,0.846,0.568,True,0.742,True,0.589,True,0.505,True,0.531,True
spotify:track:5vTNC4ONe5kc1rlGbjOEZs,Gaslight 101,Odeal,10,0.9,0.568,True,0.718,True,0.566,True,0.531,True,0.537,True
spotify:track:1fidCEsYlaVE3pHwKCvpFZ,Am I Wrong,Nico & Vinz,4,1.0,0.568,True,0.723,True,0.588,True,0.486,True,0.571,True
spotify:track:67IUHgy0EDJcWX2UWTG7Oz,worst,SAHXL,23,0.826,0.566,True,0.699,True,0.597,True,0.515,True,0.522,True
spotify:track:7AzVV4CtTbzLVMc5GDVWZj,LOVE AGAIN,Daniel Caesar,6,1.0,0.565,True,0.73,True,0.573,True,0.502,True,0.551,True
spotify:track:60DO7uhfFxOn2KHabzEp6e,Salad Days,Jatayu,7,1.0,0.565,True,0.732,True,0.595,True,0.501,True,0.522,True
spotify:track:2URAAmXRnj5tcOOV3CTLBa,Chango,Jatayu,7,1.0,0.565,True,0.732,True,0.595,True,0.501,True,0.522,True
spotify:track:20jbSiX29FDX4oQxBXyUEi,hate that i made you love me,Ariana Grande,9,0.889,0.564,True,0.735,True,0.552,True,0.527,True,0.533,True
spotify:track:39jPNpyS33FFAw6xsFvvmG,Personal,Kehlani,6,1.0,0.563,True,0.729,True,0.581,True,0.502,True,0.534,True
spotify:track:7FSdkb7bwFQx35ayV4zZjT,The Resolve,Jatayu,5,1.0,0.561,True,0.728,True,0.595,True,0.495,True,0.516,True
spotify:track:2s6WsqnHa0pdYBvdmhGHbb,To Fall,Jacob Watty,41,0.878,0.561,True,0.719,True,0.568,True,0.512,True,0.529,True
spotify:track:06mtMKkZiwzA1BHCTb1IBy,Set It Arff,Skeete,31,0.71,0.561,True,0.688,True,0.569,True,0.542,True,0.502,True
spotify:track:2vviILENNzWi9CDYSlmHBX,Treat Me Like Somebody,Tink,8,1.0,0.561,True,0.733,True,0.568,True,0.501,True,0.537,True
spotify:track:72EW32eRMEnrHY4ZJf2Z96,"Gehra Hua (From ""Dhurandhar"")",Shashwat Sachdev,9,0.889,0.56,True,0.746,True,0.572,True,0.492,True,0.535,True
spotify:track:0PgriJfjdWCKE1WlatKnrn,Make Me Feel (feat. Kaliyah),cortex,13,0.769,0.56,True,0.737,True,0.582,True,0.513,True,0.494,False
spotify:track:4lQk8RYAfp7LaXp675jvta,My Reflection,Khalid,16,0.875,0.559,True,0.723,True,0.56,True,0.502,True,0.547,True
spotify:track:2VOt88FoSGjSOuzLaeqz5k,keep steady,sosocamo,15,0.8,0.559,True,0.721,True,0.575,True,0.522,True,0.495,True
spotify:track:02pe1ZTmWsWLawKfGQ5SIJ,Heaven (with matt proxy),cortex,9,0.667,0.558,True,0.733,True,0.567,True,0.518,True,0.503,True
spotify:track:5Jo3oFBD4pM7eaaRjV8Bda,prototype,Gunna,16,0.812,0.558,True,0.726,True,0.547,True,0.548,True,0.49,False
spotify:track:1KGi9sZVMeszgZOWivFpxs,No Scrubs,TLC,3,1.0,0.558,True,0.725,True,0.596,True,0.477,True,0.529,True
spotify:track:15MUF6KnRsUQcvD43tZUVx,Silhouettes,loopgarden,3,1.0,0.557,True,0.723,True,0.592,True,0.484,True,0.522,True
spotify:track:5T5b5ZLAUPjtGUTdaH8KLd,If You Let Me,Sinéad Harnett,6,1.0,0.556,True,0.732,True,0.575,True,0.492,True,0.521,True
spotify:track:6ZRuF2n1CQxyxxAAWsKJOy,Nights Like This (feat. Ty Dolla $ign),Kehlani,19,0.737,0.556,True,0.686,True,0.56,True,0.53,True,0.51,True
spotify:track:78QR3Wp35dqAhFEc2qAGjE,Drip Too Hard (Lil Baby & Gunna),Lil Baby,9,0.889,0.555,True,0.714,True,0.556,True,0.519,True,0.514,True
spotify:track:4tReFKumS5bcFahdXDiM1b,Paradise,Sade,5,1.0,0.554,True,0.715,True,0.561,True,0.504,True,0.525,True
spotify:track:6CWoY0uyh4EB57gyhY4z3f,Bank Dont Close,michiganmadex2,3,1.0,0.554,True,0.726,True,0.562,True,0.501,True,0.52,True
spotify:track:1ocuPt0yLtk5Hu4K5mQ7tR,Don't Say,cortex,8,0.625,0.554,True,0.731,True,0.564,True,0.511,True,0.5,True
spotify:track:6wJwkMo278iWVlWl1XQ4WA,The Heart Wants What It Wants,Selena Gomez,6,1.0,0.553,True,0.723,True,0.548,True,0.502,True,0.535,True
spotify:track:2A7uwnEzSin7nf0498AE3x,Barbaad Reprise - Female,The Rish,51,0.824,0.553,True,0.709,True,0.561,True,0.511,True,0.513,True
spotify:track:1p0rEzrK7YtdRZVtiyV7RN,Lemonade (feat. NAV),Internet Money,5,1.0,0.553,True,0.726,True,0.574,True,0.49,True,0.517,True
spotify:track:3kKI5E4jFwIlpvU8fWglTS,Angel Speaks,cortex,12,0.583,0.553,True,0.727,True,0.571,True,0.505,True,0.496,True
spotify:track:3n5CRujTMyLADWXCz74xoS,Days Are Over,cortex,14,0.643,0.552,True,0.728,True,0.567,True,0.507,True,0.495,True
spotify:track:010a0zLOkBAMJvuscNdVxi,Finally Over It,Summer Walker,17,0.765,0.551,True,0.714,True,0.565,True,0.504,True,0.507,True
spotify:track:20YOJ81BuTLbLcBCYnFmQ1,Fantasy,Alina Baraz,3,0.667,0.551,True,0.719,True,0.562,True,0.489,True,0.53,True
spotify:track:1TYqrI2JRi6QssuRMTh2iy,All I Need,Lloyd,5,1.0,0.551,True,0.716,True,0.57,True,0.484,True,0.529,True
spotify:track:1qC6px1TOZgQFoTSOFUaBr,Tonight,Summer Walker,13,0.769,0.551,True,0.706,True,0.57,True,0.505,True,0.502,True
spotify:track:124NFj84ppZ5pAxTuVQYCQ,Take Care,Drake,5,1.0,0.551,True,0.736,True,0.554,True,0.496,True,0.519,True
spotify:track:0ew2dml5yDlwarFBl5YGnv,AFTER DARK,cortex,10,0.8,0.551,True,0.721,True,0.575,True,0.504,True,0.487,False
spotify:track:5nkUIVKqOqdpB6ApKgEMkv,Stay Ready (What A Life),Jhené Aiko,12,0.667,0.551,True,0.727,True,0.569,True,0.501,True,0.496,True
spotify:track:1uRTH9LeFh40tFYlq48vcy,Saiyaara Reprise - Female,Tanishk Bagchi,45,0.889,0.551,True,0.717,True,0.558,True,0.502,True,0.515,True
spotify:track:3hBzKgqQKkChH9hyb3MhmT,I Think I Like You Better When You’re Gone,Reneé Rapp,5,1.0,0.55,True,0.73,True,0.566,True,0.491,True,0.512,True
spotify:track:6KhQQoJVjVIySQ6Cm0Z39o,Change The World,cortex,12,0.583,0.55,True,0.727,True,0.561,True,0.506,True,0.496,True
spotify:track:0NPBoqxPpYMDUysUTF5ox5,Send Your Loving - Sped Up,Ama Louise,7,0.857,0.549,True,0.73,True,0.563,True,0.496,True,0.504,True
spotify:track:3UYiU57SMiAS5LqolhHJw1,Shameless,Camila Cabello,9,0.889,0.549,True,0.714,True,0.558,True,0.484,True,0.536,True
spotify:track:0lYBSQXN6rCTvUZvg9S0lU,Let Me Love You,DJ Snake,8,0.875,0.549,True,0.697,True,0.584,True,0.486,True,0.511,True
spotify:track:6TqgqV2DS0Ze3S8oDg5wzJ,I Want You,cortex,18,0.778,0.549,True,0.73,True,0.567,True,0.507,True,0.482,False
spotify:track:6UbfuPifNmblRiaE8vQ08U,Love & War - Yellow Claw G-Funk Remix,Yellow Claw,7,0.857,0.549,True,0.722,True,0.557,True,0.502,True,0.506,True
spotify:track:2qbYxE33Rw0Qwl6KvrFGcg,Bossanova,cortex,20,0.65,0.549,True,0.725,True,0.564,True,0.509,True,0.483,False
spotify:track:2HEQmnm5GxHysvHRc5uttV,Days Are Over,cortex,36,0.694,0.548,True,0.713,True,0.562,True,0.524,True,0.47,False
spotify:track:2mNGL7mZILSqZHxGboJaO9,COMË N GO,Yeat,27,0.778,0.548,True,0.703,True,0.574,True,0.498,True,0.498,True
spotify:track:6dGG9H7Ce7cMrHyqXATxu0,Break,Jhené Aiko,10,0.4,0.548,True,0.726,True,0.564,True,0.478,True,0.526,True
spotify:track:6HWsd6fqeamiFulSQhxKsD,i know,Nolais,6,1.0,0.548,True,0.715,True,0.544,True,0.497,True,0.53,True
spotify:track:6pyM30WDpG70VTfwoQg4m2,everything,Kehlani,19,0.684,0.548,True,0.685,True,0.555,True,0.519,True,0.5,True
spotify:track:2xyx0o4xNOLLjBSbOOdcbA,Playing Games (with Bryson Tiller) - Extended Version,Summer Walker,13,0.769,0.548,True,0.719,True,0.561,True,0.501,True,0.499,True
spotify:track:7xf79guSH77xiMEZ4XC0JC,I'll Be Good,JayDon,19,0.789,0.547,True,0.725,True,0.564,True,0.504,True,0.485,False
spotify:track:50mO1X22JnquOpSjrVFrjV,Potential (Interlude),cortex,9,0.556,0.546,True,0.733,True,0.558,True,0.498,True,0.494,False
spotify:track:6eipQrmTw1N3nUfgLlEa2R,Nobody Else,Summer Walker,12,0.75,0.546,True,0.703,True,0.565,True,0.502,True,0.495,True
spotify:track:3B3xfXfD1kLkvivtkLFgPh,Thoppai Vibes,Jatayu,3,1.0,0.546,True,0.707,True,0.577,True,0.482,True,0.507,True
spotify:track:55n9yjI6qqXh5F2mYvUc2y,I Don’t Wanna Live Forever (Fifty Shades Darker),ZAYN,5,1.0,0.546,True,0.727,True,0.547,True,0.494,True,0.514,True
spotify:track:0Q71rl68P5r53JkUpxDDto,Off Of You,Summer Walker,7,0.857,0.545,True,0.705,True,0.557,True,0.499,True,0.504,True
spotify:track:5Tp4UJvnsF4Zd05k0zXUte,CPR,Summer Walker,16,0.75,0.545,True,0.714,True,0.558,True,0.498,True,0.498,True
spotify:track:4dlFGIn5KP6AaCZSujM7cj,Finally Over It,Summer Walker,28,0.786,0.545,True,0.715,True,0.559,True,0.501,True,0.491,False
spotify:track:4mozj7VWRKWW2tpGGGQwbk,Come Thru (with Usher),Summer Walker,3,1.0,0.545,True,0.729,True,0.548,True,0.479,True,0.529,True
spotify:track:53oSpvbEYnQA8cUKc94kUR,No,Summer Walker,3,1.0,0.545,True,0.729,True,0.548,True,0.479,True,0.529,True
spotify:track:08SB2OtZkaliju77WYEKxk,No Love (with SZA),Summer Walker,3,1.0,0.545,True,0.729,True,0.548,True,0.479,True,0.529,True
spotify:track:2vdposMtmLoanI0pflut4F,Circus,Summer Walker,4,1.0,0.544,True,0.733,True,0.547,True,0.475,True,0.532,True
spotify:track:4Li8dc3ucCesQJMKErU5zM,living room flow - Bonus,Jhené Aiko,9,0.667,0.544,True,0.721,True,0.554,True,0.493,True,0.502,True
spotify:track:4qQVKOnZEYWZIHUMRapsVO,Riot,Summer Walker,4,1.0,0.544,True,0.726,True,0.548,True,0.475,True,0.532,True
spotify:track:5ieqvcZfycFIMJnF84D1Du,still prevail,Gunna,4,1.0,0.544,True,0.725,True,0.537,True,0.497,True,0.513,True
spotify:track:4Na2HfNSr58chvfX69fy36,one of wun,Gunna,14,0.643,0.543,True,0.738,True,0.566,True,0.492,True,0.474,False
spotify:track:4szVI06jpipuhMLi1oCXdE,Butterflies Pt. 2,Queen Naija,3,1.0,0.543,True,0.707,True,0.563,True,0.476,True,0.521,True
spotify:track:19ItuvrZfTudwC6S5lkDH3,The Machine,Reed Wonder,4,1.0,0.543,True,0.714,True,0.561,True,0.477,True,0.516,True
spotify:track:6FE2iI43OZnszFLuLtvvmg,Classic,MKTO,4,1.0,0.543,True,0.705,True,0.565,True,0.479,True,0.514,True
spotify:track:4m4sk6NdP92HCvioRCo9BM,wgft (Remix) [feat. Chris Brown],Gunna,13,0.692,0.543,True,0.713,True,0.566,True,0.493,True,0.486,False
spotify:track:1fWFfcPGm1t776JYFrNU4m,Stretch You Out (feat. A Boogie wit da Hoodie),Summer Walker,4,1.0,0.543,True,0.724,True,0.547,True,0.474,True,0.532,True
spotify:track:3Yt1ovsh3v3VEzRuhI1TL5,Joro,Wizkid,5,1.0,0.543,True,0.717,True,0.565,True,0.476,True,0.51,True
spotify:track:5IdsNh0JVkaZankbMqdmQI,Worth The Wait,cortex,9,0.667,0.542,True,0.718,True,0.561,True,0.497,True,0.482,False
spotify:track:6mAWQViX74GmuSCQNtqJmr,TRUTH,Ezra Wood,4,1.0,0.542,True,0.724,True,0.552,True,0.472,True,0.526,True
spotify:track:5sJtelWLygYJnHKsBSvyWx,Love Bomb (w/ Ab-Soul),Jhené Aiko,4,0.75,0.542,True,0.723,True,0.564,True,0.465,True,0.522,True
spotify:track:4loM16743hROPC6uIJG6wM,MET GALA,Gunna,13,0.769,0.542,True,0.718,True,0.534,True,0.519,True,0.483,False
spotify:track:57c824155MOILKW4B9i26h,back 'n forth,"Chuka, The Destroyer",19,0.632,0.542,True,0.715,True,0.552,True,0.497,True,0.494,False
spotify:track:1pwmSNzQuenhECf83LpApZ,Vegas,cortex,5,0.8,0.542,True,0.721,True,0.569,True,0.489,True,0.48,False
spotify:track:6fZq6Tk43gjp3T6eEyYWdO,Aggression From Saturn,Tory Lanez,4,1.0,0.542,True,0.693,True,0.553,True,0.49,True,0.514,True
spotify:track:7EkiMl81fUHVwpItgtzI4r,I'll Kill You (feat. Jhené Aiko),Summer Walker,10,0.8,0.542,True,0.7,True,0.554,True,0.498,True,0.496,True
spotify:track:7v2CxnZ6pLSTgBbqdncHqX,Forever,cortex,14,0.571,0.542,True,0.715,True,0.556,True,0.495,True,0.49,False
spotify:track:2nvmHk4JnsZ94mygliLsou,Moments,Jhené Aiko,5,0.8,0.542,True,0.716,True,0.547,True,0.496,True,0.499,True
spotify:track:2K7xn816oNHJZ0aVqdQsha,Softcore,The Neighbourhood,14,0.643,0.541,True,0.688,True,0.538,True,0.519,True,0.491,False
spotify:track:4lFfMRH0YH4pW5gczTDbNC,Medicine,Queen Naija,3,1.0,0.541,True,0.707,True,0.567,True,0.471,True,0.512,True
spotify:track:0Ba2OcVpDNyqpxGbJLTa8l,Love Notes,Olivia B Moore,11,0.818,0.54,True,0.696,True,0.562,True,0.476,True,0.513,True
spotify:track:2GO7JKnocHxlb9fWT5dmDB,The Recipe,Jay Safari,3,1.0,0.54,True,0.706,True,0.562,True,0.472,True,0.513,True
spotify:track:5fVl28RgREvxVtGSf9OsbK,Meddle About,Chase Atlantic,18,0.667,0.54,True,0.705,True,0.545,True,0.505,True,0.486,False
spotify:track:3U5HfQM00maTYSthHtV59L,him all along,Gunna,7,0.857,0.539,True,0.746,True,0.536,True,0.496,True,0.482,False
spotify:track:2wBCrtJS3E3TimRZ5MElTI,The Worst,Jhené Aiko,8,0.375,0.538,True,0.72,True,0.554,True,0.467,True,0.516,True
spotify:track:6FqSoMuh09waUrCLT0KjI0,SPEECHLESS,WESLEYFRANKLIN,3,1.0,0.538,True,0.711,True,0.561,True,0.475,True,0.499,True
spotify:track:26r52zLg6ltidZwQ7EQ0wM,Ceiling (Freestyle),Jhené Aiko,3,0.667,0.538,True,0.72,True,0.558,True,0.459,True,0.519,True
spotify:track:16Ah4QqH4mgYVXqfC4mdSd,LUV,Tory Lanez,10,0.8,0.538,True,0.673,True,0.581,True,0.478,True,0.489,False
spotify:track:6xRvyhdaSimJtzspiTF605,May I?,Jatayu,6,0.833,0.537,True,0.712,True,0.564,True,0.478,True,0.487,False
spotify:track:23nXhw0k1qK2pDN4TSQGiB,Cycles,Breez Kennedy,4,1.0,0.537,True,0.705,True,0.565,True,0.467,True,0.506,True
spotify:track:3bEpPVnBnI0fLR9tpJ3fFK,merlot,the wine is ok,4,1.0,0.536,True,0.703,True,0.562,True,0.463,True,0.514,True
spotify:track:5Xe4fAuhqxQRSjTWNZLSqJ,Spotless Mind,Jhené Aiko,5,0.8,0.536,True,0.716,True,0.548,True,0.484,True,0.492,False
spotify:track:7oLeJZ5kAYeBueQdimqHVc,Planet Bass / NBLYB,Tory Lanez,9,0.778,0.536,True,0.664,True,0.565,True,0.497,True,0.481,False
spotify:track:7vxLj7MREliG5i5vSnqSVr,Body,Summer Walker,12,0.667,0.536,True,0.712,True,0.551,True,0.486,True,0.488,False
spotify:track:3fWibgdtgIie6LKTZ2rUoI,So Far So Fake,Pierce The Veil,6,0.833,0.536,True,0.72,True,0.554,True,0.474,True,0.496,True
spotify:track:0FlcmZ13DGRmscCroro9GO,Body,Don Toliver,17,0.765,0.536,True,0.736,True,0.516,True,0.511,True,0.48,False
spotify:track:6qBFSepqLCuh5tehehc1bd,Like I Want You,GIVĒON,6,1.0,0.535,True,0.702,True,0.541,True,0.469,True,0.527,True
spotify:track:4YNrBVo8fv6qiTNwHLVDai,Potential,Summer Walker,11,0.636,0.535,True,0.698,True,0.559,True,0.482,True,0.487,False
spotify:track:04GobBF9S74lfUGKIYLkcP,Exitin,Cece Natalie,3,1.0,0.535,True,0.692,True,0.545,True,0.468,True,0.529,True
spotify:track:2xql0pid3EUwW38AsywxhV,Reflections,The Neighbourhood,18,0.667,0.535,True,0.681,True,0.543,True,0.5,True,0.49,False
spotify:track:03MppV2GJa6ZpcmsE7Sjes,Shringara,Jatayu,9,0.667,0.535,True,0.696,True,0.56,True,0.484,True,0.482,False
spotify:track:78mXeWyY9ZEqOCkTl3nGfI,Fun Girl,Summer Walker,10,0.7,0.535,True,0.696,True,0.556,True,0.478,True,0.494,False
spotify:track:5cw9s2zGrbny2M2p3WRmGm,Gangsta,Kehlani,5,0.8,0.535,True,0.7,True,0.564,True,0.475,True,0.488,False
spotify:track:0Aa3g9EQoPNt6PiKjaUeb7,Every Kind Of Way,H.E.R.,4,1.0,0.534,True,0.71,True,0.555,True,0.462,True,0.512,True
spotify:track:1muR6CRm9uQ76HaJ7YBQaa,made for this shit,Gunna,14,0.643,0.534,True,0.715,True,0.546,True,0.493,True,0.473,False
spotify:track:4VXuwKDYsbWLwIWbUThQlh,there he go,sosocamo,4,1.0,0.534,True,0.713,True,0.541,True,0.475,True,0.506,True
spotify:track:6B9oDwfKNa4IzMAxadTPeQ,Take Me Out This Club,Summer Walker,11,0.636,0.534,True,0.711,True,0.548,True,0.482,True,0.487,False
spotify:track:7FwWRSAlhfyhbvybdfDUCe,High School Sweethearts,Melanie Martinez,9,0.667,0.533,True,0.717,True,0.548,True,0.473,True,0.494,False
spotify:track:0EfsDEYaSjGYd66Pr881nq,Cry Baby,The Neighbourhood,8,0.75,0.533,True,0.693,True,0.538,True,0.492,True,0.492,False
spotify:track:5J4FiKDJIdJ8AKx2gaWMt4,Your Number,Ayo Jay,4,1.0,0.533,True,0.703,True,0.555,True,0.468,True,0.5,True
spotify:track:6zgi0xkawkJ8z06khryYcs,Made Me,cortex,5,0.4,0.533,True,0.719,True,0.547,True,0.477,True,0.486,False
spotify:track:32TTewBmtmhUmYxS1ajqaJ,hakuna matata,Gunna,17,0.647,0.532,True,0.712,True,0.544,True,0.49,True,0.472,False
spotify:track:1ZdJs4bRHZ3SxQZbsN7GK1,Smoke n Drank,Jordan Adetunji,7,0.857,0.532,True,0.698,True,0.554,True,0.478,True,0.485,False
spotify:track:3XmHd0NqN5O4e7Vnv8fb8q,Nights In The Sun (feat. Wizkid),Odeal,3,1.0,0.532,True,0.677,True,0.561,True,0.464,True,0.507,True
spotify:track:12xVuIohhHSklxvi1ItKGA,Can You Blame Me (feat. Lucky Daye),Kehlani,6,0.833,0.531,True,0.686,True,0.541,True,0.479,True,0.504,True
spotify:track:5J4ZkQpzMUFojo1CtAZYpn,Love Me Harder,Ariana Grande,13,0.615,0.531,True,0.682,True,0.533,True,0.497,True,0.491,False
spotify:track:2ZYz5aPLnEkGR1DfWGZGn6,Never Be Like You (feat. Kai),Flume,6,0.833,0.531,True,0.711,True,0.534,True,0.486,True,0.488,False
spotify:track:4FUQtedaG22FWZ6lGyRApm,Rosary (feat. Travis Scott),Don Toliver,4,1.0,0.531,True,0.724,True,0.534,True,0.463,True,0.513,True
spotify:track:43oBNdp6W1Z9YDu1svX1hl,3am,Loe Shimmy,10,0.8,0.531,True,0.709,True,0.541,True,0.478,True,0.49,False
spotify:track:7BtDzIiqlSnkXuyrczOcEC,Cant Get Enough,Craig Isto,7,0.857,0.531,True,0.695,True,0.553,True,0.475,True,0.486,False
spotify:track:0zO8ctW0UiuOefR87OeJOZ,Collard Greens,ScHoolboy Q,4,1.0,0.531,True,0.701,True,0.55,True,0.466,True,0.501,True
spotify:track:644rGY6maSElnKVsAg1gJj,Girls Need Love,Summer Walker,7,0.714,0.531,True,0.709,True,0.544,True,0.472,True,0.495,True
spotify:track:09OeD94T28n7ku4RqPa6wZ,Anna Mae,Summer Walker,7,0.714,0.53,True,0.695,True,0.542,True,0.481,True,0.492,False
spotify:track:0jF2AdhsalO1L7KkhK4LE5,Practice,Drake,3,1.0,0.53,True,0.722,True,0.521,True,0.485,True,0.496,True
spotify:track:7uDUb37h7Xdhza1eWMkoJv,Friends,Chase Atlantic,9,0.667,0.53,True,0.691,True,0.547,True,0.48,True,0.488,False
spotify:track:4Z5KKoBGxpJo8YbDcGQXd5,Secondhand (feat. Rema),Don Toliver,22,0.727,0.53,True,0.733,True,0.537,True,0.478,True,0.478,False
spotify:track:43IMaycr34ZR5kS8mlL5hH,Just Might (with PARTYNEXTDOOR),Summer Walker,10,0.7,0.53,True,0.696,True,0.546,True,0.478,True,0.486,False
spotify:track:1jKXjxMWlq4BhH6f9GtZbu,TORE UP,Don Toliver,7,0.857,0.53,True,0.71,True,0.562,True,0.465,True,0.477,False
spotify:track:7BPImoMBHUdMj6sdEMXlYD,Romance,cortex,7,0.571,0.53,True,0.71,True,0.55,True,0.477,True,0.474,False
spotify:track:3LAGyzxOYpZgTJ9N5QXkO3,December 10th - Live Performance,cortex,5,0.6,0.529,True,0.71,True,0.555,True,0.474,True,0.471,False
spotify:track:7vKXc90NT5WBm3UTT4iTVG,KANTE (feat. Fave),Davido,8,0.75,0.529,True,0.704,True,0.541,True,0.477,True,0.488,False
spotify:track:5nexAvWNhwg51EavnDgViy,Toxic,Kehlani,9,0.667,0.529,True,0.677,True,0.542,True,0.479,True,0.499,True
spotify:track:7B3BwNecBhKvNwSMOOl7Gk,Fame is a Gun,Addison Rae,7,0.857,0.529,True,0.682,True,0.533,True,0.496,True,0.482,False
spotify:track:5SMULdeQWOnlBzeIUIEawU,Time Again,cortex,4,0.75,0.529,True,0.707,True,0.555,True,0.473,True,0.473,False
spotify:track:4myY4rAgd9exOhk7I8q5CN,Carnival,cortex,4,0.75,0.529,True,0.707,True,0.555,True,0.473,True,0.473,False
spotify:track:0XPKJOmc33zKNAjTiUed0t,Back Again,cortex,4,0.75,0.529,True,0.707,True,0.555,True,0.473,True,0.473,False
spotify:track:4CNzuSQoL5jgCxzYmuMvcz,Like It (with 6LACK),Summer Walker,7,0.714,0.529,True,0.695,True,0.542,True,0.482,True,0.484,False
spotify:track:5jTIePmUbBUVjJnpZeGiM3,We Find Love,Daniel Caesar,10,0.7,0.528,True,0.672,True,0.536,True,0.477,True,0.511,True
spotify:track:7H5Bv8j9chJ4CWTuoXF4EK,Different Species (feat. Gunna),Offset,17,0.706,0.528,True,0.722,True,0.522,True,0.489,True,0.48,False
spotify:track:152lZdxL1OR0ZMW6KquMif,Location,Khalid,6,0.833,0.528,True,0.709,True,0.52,True,0.464,True,0.527,True
spotify:track:58GldQh13wzqsHuT09jIAv,chronic,sosocamo,6,0.833,0.528,True,0.701,True,0.541,True,0.48,True,0.481,False
spotify:track:1ikNKCWW9eoo9nbVxQ6QLu,Automatic,The Bonfyre,9,0.778,0.528,True,0.696,True,0.538,True,0.479,True,0.489,False
spotify:track:081Shn2hU3YxvQmGaCPegr,Unloyal (with Ari Lennox),Summer Walker,7,0.714,0.528,True,0.709,True,0.54,True,0.475,True,0.483,False
spotify:track:7Fege3yv4dvehB3NdRBGwI,Banking On Me,Gunna,6,0.833,0.528,True,0.709,True,0.521,True,0.498,True,0.474,False
spotify:track:1BOarRF8QAkyjjJD19Cl8K,Planet Bass / NBLYB,Tory Lanez,16,0.625,0.528,True,0.668,True,0.55,True,0.483,True,0.481,False
spotify:track:4hWgC5BV5M7EtTleKVXNxw,Playing Games,Summer Walker,6,0.667,0.527,True,0.694,True,0.538,True,0.481,True,0.483,False
spotify:track:4Qxn47gWPSucovKrMyRf1z,Stretch You Out (feat. A Boogie wit da Hoodie),Summer Walker,5,0.8,0.527,True,0.693,True,0.539,True,0.48,True,0.485,False
spotify:track:3bGfuGWywg85koHG8nturm,Can't Leave Alone (feat. Avenoir & Maz B),Pino,13,0.692,0.527,True,0.712,True,0.537,True,0.468,True,0.492,False
spotify:track:4mL59LVbKgOpEACxraGYdr,While We're Young,Jhené Aiko,12,0.5,0.527,True,0.709,True,0.54,True,0.472,True,0.485,False
spotify:track:5h3odCVOrJilSf6F6JJUGt,Val De Marne,cortex,4,0.75,0.527,True,0.708,True,0.547,True,0.473,True,0.473,False
spotify:track:7IVukH71OXfAu3KudrrizN,Japanese Denim,Daniel Caesar,10,0.6,0.527,True,0.669,True,0.558,True,0.466,True,0.492,False
spotify:track:0sSRLXxknVTQDStgU1NqpY,Hours In Silence,Drake,19,0.684,0.527,True,0.743,True,0.533,True,0.469,True,0.476,False
spotify:track:0FMAKUsgIBszj75WEENYDO,Long Way To Calabasas,Don Toliver,3,1.0,0.527,True,0.707,True,0.524,True,0.477,True,0.497,True
spotify:track:0yz2J4wsXFCjMjpJ6A74yV,Fine China,Chris Brown,7,0.857,0.526,True,0.682,True,0.53,True,0.491,True,0.482,False
spotify:track:3fX3N9yUo3hNatc2BbJDLs,Who Hurt You?,Daniel Caesar,9,0.667,0.526,True,0.687,True,0.551,True,0.463,True,0.493,False
spotify:track:588gFLoYJdlQ9zLSuR3IpJ,TMU,Don Toliver,13,0.615,0.526,True,0.737,True,0.529,True,0.477,True,0.467,False
spotify:track:7eoAUarx4LFcTPaIL1PbUz,Dual Raga,Jatayu,10,0.7,0.526,True,0.694,True,0.535,True,0.475,True,0.487,False
spotify:track:5V3jUpE1OhTQehzslaV5A1,December 10th,cortex,21,0.524,0.525,True,0.703,True,0.548,True,0.48,True,0.457,False
spotify:track:5O9aVGryqU0Um5l4a1pezL,DADAMAN,DESTIN CONRAD,6,0.667,0.525,True,0.719,True,0.532,True,0.453,True,0.508,True
spotify:track:1axArDrl7n4M3QZMNN0XMs,Girls Need Love (with Drake) - Remix,Summer Walker,5,0.8,0.525,True,0.694,True,0.539,True,0.473,True,0.485,False
spotify:track:3XZUsSs7b8v1r9lWtNzs2Z,Art Attack,Skeete,9,0.778,0.525,True,0.692,True,0.535,True,0.47,True,0.493,False
spotify:track:3pcxxaUxAMSfz2zgetHydD,Insane,Summer Walker,5,0.8,0.525,True,0.712,True,0.541,True,0.46,True,0.488,False
spotify:track:4lgJ9IwqlLHwNBAONYdyk5,room 305.,Flyy Armani,8,0.625,0.525,True,0.68,True,0.528,True,0.484,True,0.489,False
spotify:track:5oKxax66OjT1ZD8UTCy61h,Sativa,Jhené Aiko,4,0.75,0.525,True,0.705,True,0.533,True,0.465,True,0.495,True
spotify:track:2pg2TiYo9Rb8KeB5JjP7jS,Sativa,Jhené Aiko,13,0.385,0.525,True,0.7,True,0.538,True,0.471,True,0.482,False
spotify:track:2ZlABhxMMa43COmZ97kKsJ,Jumbotron Shit Poppin,Drake,3,1.0,0.524,True,0.753,True,0.52,True,0.455,True,0.496,True
spotify:track:2SPr7EDc5WBw1tM6bNgcZC,Girls Need Love (Girls Mix) (feat. Tyla),Summer Walker,5,0.8,0.524,True,0.693,True,0.539,True,0.471,True,0.484,False
spotify:track:4zkLQn7zQcr1EBt0YmcPdd,Oak Forest High,FANTASY,13,0.692,0.524,True,0.695,True,0.537,True,0.473,True,0.483,False
spotify:track:7lv4SU2ATVjQJp6Jia0x7N,Dark Thoughts,Lil Tecca,6,0.667,0.524,True,0.705,True,0.546,True,0.461,True,0.483,False
spotify:track:00eHZjj2Xb7yaNTGIJ9mKU,Jo Jo,Craig Isto,3,1.0,0.524,True,0.68,True,0.532,True,0.47,True,0.501,True
spotify:track:3LfHBTYZBTqmz43tvVXJBd,Deep,Summer Walker,5,0.8,0.524,True,0.712,True,0.53,True,0.46,True,0.498,True
spotify:track:0hy1SOTEn9ifXTzOwnCwEr,All Eyes on You (feat. Chris Brown & Nicki Minaj),Meek Mill,12,0.667,0.523,True,0.71,True,0.547,True,0.46,True,0.475,False
spotify:track:45Egmo7icyopuzJN0oMEdk,Love Lies,Khalid,6,0.833,0.523,True,0.677,True,0.538,True,0.483,True,0.469,False
spotify:track:2OrucC3HEPmZpkaQ05Nx0V,novocaine,GenriX,5,0.8,0.523,True,0.697,True,0.529,True,0.455,True,0.511,True
spotify:track:6mRu9TPT1zrMxfYunLIOcm,La Nartelle,cortex,6,0.5,0.522,True,0.705,True,0.542,True,0.468,True,0.469,False
spotify:track:3M0lSi5WW79CXQamgSBIjx,Swim,Chase Atlantic,10,0.7,0.522,True,0.685,True,0.527,True,0.477,True,0.486,False
spotify:track:5Mv7yjian35AddlklJgg1v,Switch A Nigga Out,Summer Walker,5,0.8,0.522,True,0.712,True,0.53,True,0.461,True,0.489,False
spotify:track:4eSGSqP2TZvvX0kadZZttM,Doing It Wrong,Drake,3,1.0,0.521,True,0.708,True,0.524,True,0.458,True,0.501,True
spotify:track:1Q7EgiMOuwDcB0PJC6AzON,Best Part (feat. H.E.R.),Daniel Caesar,7,0.714,0.521,True,0.668,True,0.531,True,0.474,True,0.491,False
spotify:track:6gCaGG38yk0Pc3hZG8U6kc,worst behaviour,kwn,6,0.5,0.521,True,0.674,True,0.551,True,0.455,True,0.489,False
spotify:track:7AzlLxHn24DxjgQX73F9fU,No Idea,Don Toliver,9,0.667,0.521,True,0.728,True,0.522,True,0.475,True,0.466,False
spotify:track:70yhaHLp9STtzI2Kzba6Tr,Best Mistake,Ariana Grande,7,0.714,0.521,True,0.666,True,0.521,True,0.479,True,0.498,True
spotify:track:4HwDCXsMBC7SUdp2WT4MZP,Into It,Chase Atlantic,7,0.714,0.521,True,0.69,True,0.534,True,0.467,True,0.485,False
spotify:track:3DuH3QamVXjj0lh4T2wUrC,room 305.,Flyy Armani,8,0.75,0.521,True,0.698,True,0.548,True,0.455,True,0.479,False
spotify:track:1gwz9vbABXhm4FUuKckSV3,Backstreets,cortex,8,0.375,0.521,True,0.696,True,0.55,True,0.472,True,0.453,False
spotify:track:5HpMZmGVA7YJiRg8SNVFH4,melt,Kehlani,9,0.667,0.521,True,0.674,True,0.564,True,0.451,True,0.478,False
spotify:track:7lg6ADWMlo171obV8djakF,SUBSTANCE - Slowed Down,kili,5,0.8,0.521,True,0.692,True,0.527,True,0.48,True,0.471,False
spotify:track:5tCPzWO2GkhkMa0Z7T7NWL,Saysum,cortex,7,0.429,0.521,True,0.701,True,0.54,True,0.467,True,0.467,False
spotify:track:11pEKMLmavDu8fxOB5QjbQ,Pipe Down,Drake,6,0.833,0.52,True,0.73,True,0.523,True,0.457,True,0.486,False
spotify:track:7pQAGG3OhXuYZrEh8nUCbi,Me,Summer Walker,9,0.556,0.52,True,0.684,True,0.544,True,0.462,True,0.478,False
spotify:track:0PDUDa38GO8lMxLCRc4lL1,PILLOWTALK,ZAYN,6,0.833,0.52,True,0.681,True,0.542,True,0.458,True,0.488,False
spotify:track:6CLVh9sekZ1p2G8Tfhhj8h,All That Matters,Justin Bieber,8,0.75,0.52,True,0.68,True,0.533,True,0.467,True,0.487,False
spotify:track:4otVG9irtgsHj21f2F8eOT,MIAMI GODDESS,kili,9,0.667,0.52,True,0.69,True,0.528,True,0.476,True,0.472,False
spotify:track:2f86Ae3R4OKAu1lEIqouih,"To Summer, From Cole - Audio Hug",Summer Walker,9,0.556,0.519,True,0.684,True,0.531,True,0.472,True,0.478,False
spotify:track:1PDP7mLiAMwhfmgIwzhOm2,Yebba’s Heartbreak,Drake,9,0.667,0.519,True,0.702,True,0.555,True,0.449,True,0.469,False
spotify:track:09gysnJpfQ3ublBmJDfcEC,SAD GIRLZ LUV MONEY Remix (feat. Kali Uchis and Moliy),Amaarae,6,0.833,0.519,True,0.677,True,0.547,True,0.462,True,0.474,False
spotify:track:4Lt6z7rZq9UfKHZdC4a3uJ,stand on it,kwn,10,0.7,0.519,True,0.646,False,0.564,True,0.458,True,0.476,False
spotify:track:6gQrm0rwg6hok8IxzysD8m,Reckless & Sweet,Amaarae,8,0.75,0.519,True,0.669,True,0.521,True,0.488,True,0.474,False
spotify:track:4OJbsRTKxm85fOXD4DiiUr,COME READY,Nobu Woods,3,1.0,0.519,True,0.671,True,0.522,True,0.472,True,0.494,False
spotify:track:63LJjsJuqZgQyYibMXn9ku,When We Love,Jhené Aiko,3,0.667,0.519,True,0.708,True,0.531,True,0.445,True,0.501,True
spotify:track:2b2HutIDmoeBnnKRWDLAtV,Phir Mohabbat,Mohammed Irfan,3,1.0,0.518,True,0.679,True,0.532,True,0.45,True,0.507,True
spotify:track:3tZs3nVjySLbL320lP4mvs,Focus,H.E.R.,3,1.0,0.518,True,0.688,True,0.528,True,0.452,True,0.502,True
spotify:track:22393doGGodPbxt4M9SBFI,PARADIGM,Avara,6,0.667,0.518,True,0.708,True,0.529,True,0.458,True,0.48,False
spotify:track:2GCKWEsbb0Xo1oodTOKVi1,Heartbreaker,Justin Bieber,8,0.625,0.518,True,0.67,True,0.523,True,0.482,True,0.474,False
spotify:track:1BZG99C7Co1r6QUC3zaS59,Same Old Love,Selena Gomez,3,1.0,0.517,True,0.685,True,0.522,True,0.453,True,0.506,True
spotify:track:494f07w2ArJNlkwnWWZViK,305,Jordan Adetunji,11,0.727,0.517,True,0.685,True,0.545,True,0.451,True,0.479,False
spotify:track:0csmcZqM3uTKfjxehw0Lw2,Over It,Summer Walker,11,0.545,0.517,True,0.697,True,0.533,True,0.459,True,0.476,False
spotify:track:2Hh3ETdQKrmSI3QS0hme7g,Too Many Nights (feat. Don Toliver & with Future),Metro Boomin,16,0.625,0.517,True,0.694,True,0.526,True,0.471,True,0.468,False
spotify:track:5tz69p7tJuGPeMGwNTxYuV,1-800-273-8255,Logic,8,0.75,0.517,True,0.681,True,0.525,True,0.456,True,0.499,True
spotify:track:5Y77SQxEr1eiofPeUTPHxM,You,Lloyd,8,0.625,0.517,True,0.663,True,0.517,True,0.489,True,0.469,False
spotify:track:53o6nhaO9K5iNfccqLuLmo,TuscanDreamz,FANTASY,9,0.667,0.516,True,0.684,True,0.537,True,0.459,True,0.476,False
spotify:track:1eH9CEpTUVH2W22nSTow25,Angles,Kayeandre,8,0.75,0.516,True,0.673,True,0.545,True,0.446,True,0.491,False
spotify:track:5c8lzZGPbmVu6sLQOA5WoU,Problem With You,Sabrina Claudio,3,1.0,0.516,True,0.673,True,0.524,True,0.452,True,0.51,True
spotify:track:3zPgAKn5tbmCuCKrR3r7qE,Triggered (freestyle),Jhené Aiko,3,0.667,0.516,True,0.697,True,0.527,True,0.457,True,0.483,False
spotify:track:2GHKo6nrSjruvBEQbzD7Fw,Tiramisu,Don Toliver,11,0.636,0.516,True,0.73,True,0.528,True,0.454,True,0.466,False
spotify:track:60W9P4zX25XPbbC5IMCoH9,Promises,Jhené Aiko,3,0.667,0.516,True,0.695,True,0.527,True,0.455,True,0.484,False
spotify:track:3t844ssjXzE9M3SDtUxTI4,Eternal Sunshine,Jhené Aiko,3,0.667,0.516,True,0.697,True,0.528,True,0.454,True,0.484,False
spotify:track:7t9d2YdmD87JC72pocMtlz,pocket locket,Alaina Castillo,3,0.667,0.515,True,0.71,True,0.525,True,0.449,True,0.485,False
spotify:track:0Dc7J9VPV4eOInoxUiZrsL,Don't Tell 'Em,Jeremih,13,0.692,0.515,True,0.666,True,0.52,True,0.481,True,0.472,False
spotify:track:2Ejyg4CavumEr7lFUkk9aF,Rendezvous (feat. Yeat),Don Toliver,13,0.615,0.515,True,0.702,True,0.53,True,0.46,True,0.466,False
spotify:track:6yA2GnuThv4oDuEimu4Rmg,MAYBE.,SIENNA SPIRO,9,0.778,0.515,True,0.668,True,0.53,True,0.468,True,0.474,False
spotify:track:6rjuKpPydT2SxN15TZpV7r,500lbs,Lil Tecca,11,0.545,0.515,True,0.69,True,0.528,True,0.459,True,0.477,False
spotify:track:10OmeI0uRJArozB5QpnQke,Tek Buddy,Skeete,9,0.667,0.515,True,0.682,True,0.526,True,0.459,True,0.483,False
spotify:track:6Yj7Zhxt73uvwFFvzQXdxO,Flight's Booked,Drake,6,0.833,0.514,True,0.703,True,0.525,True,0.458,True,0.472,False
spotify:track:73m3pmHCYyokClUu3bSU4Q,Under Your Spell,Pino,6,0.667,0.514,True,0.697,True,0.523,True,0.455,True,0.481,False
spotify:track:6z5y2kdxF4XrEVRFVqdGVL,Asiwaju,Ruger,3,1.0,0.514,True,0.676,True,0.53,True,0.451,True,0.491,False
spotify:track:6jmphNKGTSpGL5Vuf7JLkS,Something In The Water,ZAYN,3,1.0,0.514,True,0.675,True,0.527,True,0.451,True,0.495,True
spotify:track:6XIzOJWgi4JGCcPUskVu3J,Electric,Alina Baraz,4,0.5,0.514,True,0.683,True,0.525,True,0.45,True,0.494,False
spotify:track:6bAVI0vzQI5ERCW8X4QGhU,endless,Gunna,11,0.545,0.514,True,0.69,True,0.519,True,0.478,True,0.456,False
spotify:track:27RIA5wcopdpQ4WHBSsWrV,Encore,FANTASY,7,0.714,0.514,True,0.684,True,0.522,True,0.458,True,0.485,False
spotify:track:1zi7xx7UVEFkmKfv06H8x0,One Dance,Drake,6,0.667,0.514,True,0.7,True,0.545,True,0.445,True,0.465,False
spotify:track:35AVLOV0vZD6hUv1D7djLT,five more,kwn,9,0.667,0.514,True,0.655,True,0.527,True,0.459,True,0.495,True
spotify:track:22LAwLoDA5b4AaGSkg6bKW,Blueberry Faygo,Lil Mosey,3,1.0,0.513,True,0.659,True,0.514,True,0.468,True,0.491,False
spotify:track:1otG6j1WHNvl9WgXLWkHTo,"After The Storm (feat. Tyler, The Creator & Bootsy Collins)",Kali Uchis,3,1.0,0.512,True,0.664,True,0.523,True,0.454,True,0.495,True
spotify:track:3ioIl8rKF9iYqqLIQM4kbY,Coco Body,Craig Isto,5,0.6,0.512,True,0.68,True,0.517,True,0.444,True,0.507,True
spotify:track:7bLm3Wjv9zQF7Sc2PpDCvR,FIGURED YOU OUT,Devkota,9,0.667,0.512,True,0.663,True,0.542,True,0.452,True,0.472,False
spotify:track:2umjueMhtny00cbEgTuj1U,Cocoa,KAYAM,7,0.714,0.512,True,0.676,True,0.534,True,0.459,True,0.466,False
spotify:track:7w5AOd6HrDIHewHfpABEss,Wicked Game,Chris Isaak,9,0.667,0.512,True,0.669,True,0.523,True,0.472,True,0.462,False
spotify:track:2FAVcsbVnddtEbJeUBnnaL,Take Me Away (feat. Syd),Daniel Caesar,9,0.556,0.512,True,0.657,True,0.516,True,0.458,True,0.498,True
spotify:track:5uKHTLXNcftXtYfU7j9cQ6,I LIKE,Tory Lanez,15,0.533,0.512,True,0.646,False,0.53,True,0.459,True,0.486,False
spotify:track:6e8jvnIjMQsLJd1wivzzA8,The Mirage,Jatayu,4,0.75,0.511,True,0.674,True,0.546,True,0.444,True,0.47,False
spotify:track:2B8Y5LaNSEkuB3LA9okArd,my mine,Jhené Aiko,5,0.2,0.511,True,0.688,True,0.525,True,0.456,True,0.472,False
spotify:track:1Wd9Puf7exrj4tuc2VnHrI,June 13,FANTASY,3,0.667,0.511,True,0.677,True,0.521,True,0.448,True,0.493,False
spotify:track:0bxPRWprUVpQK0UFcddkrA,Folded,Kehlani,15,0.2,0.511,True,0.666,True,0.527,True,0.459,True,0.474,False
spotify:track:2vmDrjY4Py8lBYwzOp8utT,Heart Of A Woman,Summer Walker,10,0.5,0.511,True,0.68,True,0.524,True,0.455,True,0.475,False
spotify:track:7dt6x5M1jzdTEt8oCbisTK,Better Now,Post Malone,3,1.0,0.51,True,0.696,True,0.52,True,0.428,False,0.511,True
spotify:track:6CYT0souHUHKTO4EMzTUFg,bad ones,Tate McRae,7,0.714,0.51,True,0.644,False,0.542,True,0.464,True,0.459,False
spotify:track:3TTMUI5dFcbeNSDTTDY9M8,Come Thru (with Usher),Summer Walker,10,0.5,0.51,True,0.68,True,0.527,True,0.454,True,0.471,False
spotify:track:5t3Vk8bRKylx4fjj7qlbib,bitches broken hearts,Billie Eilish,6,0.833,0.51,True,0.657,True,0.54,True,0.453,True,0.469,False
spotify:track:17YuXw2ScwLLL1sUrRKhoW,Fantasy,Alina Baraz,3,0.333,0.51,True,0.671,True,0.519,True,0.45,True,0.49,False
spotify:track:5DFQ3iQrX9HMzvzi1ow9ES,fuck witcha boy,Gunna,7,0.571,0.51,True,0.687,True,0.505,True,0.477,True,0.459,False
spotify:track:2igNvPf7RLTZG688Mx8GtU,"girl, get up. (feat. SZA)",Doechii,13,0.692,0.51,True,0.695,True,0.541,True,0.442,True,0.461,False
spotify:track:2QNHWY1uKu0OzzEe1X6vo6,Selfish,Ama Louise,4,0.75,0.509,True,0.683,True,0.522,True,0.447,True,0.482,False
spotify:track:0YNtAadZvKBBEFARtfoCV8,Compass,The Neighbourhood,7,0.571,0.509,True,0.658,True,0.507,True,0.481,True,0.466,False
spotify:track:5DgTqQRjIQMsXlmRV3i967,OQA?,Chelsea Dinorath,3,1.0,0.509,True,0.687,True,0.519,True,0.441,True,0.493,False
spotify:track:68uxLwtuPz7y5WIViHZAOU,throw me in the water,Jessie Mazin,33,0.697,0.509,True,0.681,True,0.507,True,0.471,True,0.466,False
spotify:track:2KLwPaRDOB87XOYAT2fgxh,Pussy & Millions (feat. Travis Scott),Drake,8,0.5,0.509,True,0.731,True,0.537,True,0.431,False,0.456,False
spotify:track:2Gyc6e2cLxA5hoX1NOvYnU,Say It,Tory Lanez,14,0.5,0.509,True,0.678,True,0.529,True,0.453,True,0.465,False
spotify:track:45HiKkV1pYFtUWAO0N94Ua,told you so.,Flyy Armani,5,0.8,0.509,True,0.655,True,0.54,True,0.445,True,0.476,False
spotify:track:6FMMd1fixOMmhplCevpjL7,Tadow,Masego,3,0.667,0.508,True,0.69,True,0.522,True,0.446,True,0.477,False
spotify:track:60NASPovjEf5B9XHiJN6Cn,drunk & faded.,Flyy Armani,9,0.444,0.508,True,0.656,True,0.493,False,0.495,True,0.46,False
spotify:track:7wFNZdZ0PaUTjmWv6cU5jx,blackjack,Gunna,9,0.556,0.508,True,0.691,True,0.517,True,0.461,True,0.46,False
spotify:track:2D1D9hmwCBApc1JHEA7WaB,wo wo,Minz,4,0.75,0.508,True,0.671,True,0.525,True,0.439,True,0.493,False
spotify:track:5VT0xlntv9lzgytFTpG5Q0,Golden Boy,cortex,46,0.457,0.508,True,0.678,True,0.523,True,0.462,True,0.454,False
spotify:track:1K6oXSGIexEyNnv2cS6vKr,Transform (feat. Charlotte Day Wilson),Daniel Caesar,12,0.5,0.507,True,0.657,True,0.515,True,0.458,True,0.481,False
spotify:track:7KKgE6UHxqhuxkNV2k3AKn,Javeda Zindag,Kshitij Tarey,18,0.556,0.507,True,0.664,True,0.527,True,0.455,True,0.465,False
spotify:track:4BycRneKmOs6MhYG9THsuX,Find Your Love,Drake,8,0.625,0.507,True,0.711,True,0.518,True,0.445,True,0.463,False
spotify:track:2ktg2oZDyFAX3iY1QNkXl5,Session 32,Summer Walker,8,0.375,0.507,True,0.672,True,0.521,True,0.452,True,0.471,False
spotify:track:1S5lrLO2sr8Dz3HIWtPPIn,Self Esteem (featuring NLE Choppa),Lambo4oe,9,0.667,0.507,True,0.674,True,0.522,True,0.451,True,0.471,False
spotify:track:182plPxSGq2rMHpKnc8l4L,OVERTIME - ACOUSTIC,SAHXL,8,0.625,0.507,True,0.662,True,0.53,True,0.452,True,0.466,False
spotify:track:5Yf3DjKAiHzg71yWZ0oUyz,Moodswings,Jatayu,3,0.667,0.507,True,0.668,True,0.53,True,0.447,True,0.469,False
spotify:track:2WFPw4XpswToe0t3MhzhCN,SAME MISTAKE,DESTIN CONRAD,5,0.8,0.506,True,0.696,True,0.508,True,0.449,True,0.476,False
spotify:track:5XZeb44ubop1TqtpZy6tlc,Me Pede,Giana Mello,10,0.7,0.506,True,0.672,True,0.507,True,0.449,True,0.492,False
spotify:track:0ERV6HibuwmYkgItouTTLW,BAD OMEN,Ezra Wood,4,0.75,0.506,True,0.675,True,0.524,True,0.441,True,0.48,False
spotify:track:1TEL6MlSSVLSdhOSddidlJ,needy,Ariana Grande,7,0.571,0.506,True,0.659,True,0.5,True,0.461,True,0.489,False
spotify:track:3azJifCSqg9fRij2yKIbWz,The Color Violet,Tory Lanez,11,0.545,0.506,True,0.64,False,0.521,True,0.467,True,0.464,False
spotify:track:2u0CelO5c81XS7z3dGpHbS,The Beach,The Neighbourhood,5,0.8,0.506,True,0.674,True,0.514,True,0.452,True,0.476,False
spotify:track:54IbnYEdA3ymfxv07WgN3b,Your Teeth In My Neck,Kali Uchis,7,0.714,0.505,True,0.654,True,0.507,True,0.469,True,0.468,False
spotify:track:1m7j6RWUxeBzTOY4hcWsoj,forever be mine (feat. Wizkid),Gunna,7,0.571,0.505,True,0.69,True,0.513,True,0.459,True,0.453,False
spotify:track:0NG5gJzPHjYeQmqcmqfopN,Don't Judge Me,Chris Brown,6,0.667,0.505,True,0.659,True,0.539,True,0.442,True,0.463,False
spotify:track:5xjTqz4aYQeBnFhwMPmfx9,Kickin’ Back,Mila J,13,0.615,0.505,True,0.659,True,0.517,True,0.473,True,0.445,False
spotify:track:63y6xWR4gXz7bnUGOk8iI6,Into You,Ariana Grande,10,0.5,0.505,True,0.684,True,0.501,True,0.459,True,0.47,False
spotify:track:2OpBganfGk2GVdSlRdxzaX,Better,Khalid,8,0.625,0.505,True,0.672,True,0.504,True,0.452,True,0.483,False
spotify:track:1mnuai6bn7yNwQ6IhxT4AC,The Way You Move,JayDon,8,0.625,0.504,True,0.668,True,0.515,True,0.454,True,0.468,False
spotify:track:51hyZpbJlIgZIaX3TtMxmu,run for the hills,Tate McRae,7,0.714,0.504,True,0.65,False,0.542,True,0.439,True,0.465,False
spotify:track:14SaZBTjxlorHJQxXh01Hu,Girls Need Love (with Drake) - Remix,Summer Walker,6,0.333,0.504,True,0.687,True,0.512,True,0.447,True,0.469,False
spotify:track:4Flfb4fGscN9kXPOduQLrv,Treacherous Twins,Drake,8,0.625,0.504,True,0.709,True,0.517,True,0.44,True,0.461,False
spotify:track:6T3Ebo7EOh8cUOyE4OhFpp,Good & Plenty - Remix,Lucky Daye,7,0.571,0.504,True,0.72,True,0.52,True,0.439,True,0.45,False
spotify:track:1iuNH5Ajdqt7O2NMon1EB5,Songs About U,Tink,7,0.571,0.503,True,0.672,True,0.509,True,0.45,True,0.475,False
spotify:track:49vZduMPCMnDDrl1WBxUDk,Let Me Love You,Ariana Grande,6,0.5,0.503,True,0.653,True,0.491,False,0.476,True,0.47,False
spotify:track:6mDz3yFi4hJeL2mP4lmg51,"Collide - From ""Queen & Slim: The Soundtrack""",Tiana Major9,8,0.625,0.503,True,0.65,False,0.538,True,0.435,True,0.472,False
spotify:track:5FG7Tl93LdH117jEKYl3Cm,Essence (feat. Tems),Wizkid,5,0.8,0.503,True,0.674,True,0.535,True,0.432,False,0.467,False
spotify:track:01BDK4Skxzh5mqnTbQzWGy,calgary,Tate McRae,7,0.714,0.503,True,0.645,False,0.509,True,0.467,True,0.463,False
spotify:track:7k802XMtsF57i4WS2M2MGg,Grass Ain't Greener,Chris Brown,10,0.6,0.503,True,0.686,True,0.517,True,0.445,True,0.461,False
spotify:track:516EXhzpp74BWkq1xUFfXt,same time,"Chuka, The Destroyer",3,0.667,0.502,True,0.674,True,0.515,True,0.44,True,0.477,False
spotify:track:6HUO25AttZZCoKAY0vUVtc,You Know Wassup,Kehlani,9,0.444,0.502,True,0.655,True,0.52,True,0.449,True,0.468,False
spotify:track:1EtUvPu9sKXHrp2baF8L44,Sexual Love (feat. James Fauntleroy),Maeta,3,1.0,0.502,True,0.668,True,0.531,True,0.423,False,0.484,False
spotify:track:6pUBrvKfJL4qmn95mxU7rC,Respect the Game,Meek Mill,3,1.0,0.502,True,0.689,True,0.513,True,0.429,False,0.487,False
spotify:track:1NsWQNlrgM3XP6bgwvKfu9,Rub Minds,Ruger,3,0.667,0.502,True,0.663,True,0.498,True,0.457,True,0.478,False
spotify:track:1GnTBbaFtxNkHEjUsWEdNu,cross my heart,Artemas,3,0.667,0.502,True,0.665,True,0.501,True,0.459,True,0.471,False
spotify:track:7fzN9lz890zav0HERLvVKZ,prada dem (feat. Offset),Gunna,3,0.667,0.502,True,0.688,True,0.504,True,0.443,True,0.477,False
spotify:track:5MqzNAzRgVj2dfp30LJ6s1,Out The Window,Kehlani,4,0.75,0.502,True,0.656,True,0.514,True,0.451,True,0.47,False
spotify:track:6KS5iyM4uDuJ6oAacMSXha,Princess Going Digital,Amaarae,10,0.6,0.502,True,0.662,True,0.515,True,0.453,True,0.46,False
spotify:track:0b83L1ToHRiwlpmUAjiCHc,Valentina,Daniel Caesar,5,0.6,0.501,True,0.678,True,0.507,True,0.441,True,0.478,False
spotify:track:0Qfl2fgflSA5PYQiKVCec6,Her Hurt,AMARIA BB,3,1.0,0.501,True,0.654,True,0.534,True,0.424,False,0.484,False
spotify:track:0X2bh8NVQ8svDQIn2AdCbW,Consume (feat. Goon Des Garcons),Chase Atlantic,5,0.4,0.501,True,0.677,True,0.51,True,0.439,True,0.478,False
spotify:track:5VTdG4eQi4CuCcS2CyC4eA,HOLD UP,kili,4,0.75,0.501,True,0.654,True,0.527,True,0.443,True,0.464,False
spotify:track:1eIXYZWEfJO3Na2LCCnIJE,Love Language,SZA,5,0.8,0.501,True,0.646,False,0.497,True,0.462,True,0.478,False
spotify:track:2TX04DO2zwrmoZKos95IA5,back in the a,Gunna,3,0.667,0.501,True,0.687,True,0.508,True,0.452,True,0.456,False
spotify:track:2uP6t2J5MEwhr9rDkAAzwh,Get You (feat. Kali Uchis),Daniel Caesar,13,0.385,0.501,True,0.648,False,0.517,True,0.447,True,0.474,False
spotify:track:7hofD95OhcniwnjA006q3q,private place.,Flyy Armani,7,0.714,0.501,True,0.652,True,0.512,True,0.44,True,0.487,False
spotify:track:0Ryd8975WihbObpp5cPW1t,boyfriend (with Social House),Ariana Grande,5,0.6,0.501,True,0.655,True,0.496,True,0.463,True,0.472,False
spotify:track:4hpV1Xrh2HbyMovybPJdTS,Robbed You (with Mariah the Scientist),Summer Walker,3,0.667,0.501,True,0.699,True,0.507,True,0.433,False,0.476,False
spotify:track:67KAaGKHUrYLCmHml6v0Yk,FMT,Summer Walker,3,0.667,0.501,True,0.699,True,0.507,True,0.433,False,0.476,False
spotify:track:0pfSaA2qNWcALep0tmg904,Beretta (De Los Cerros La Escuela),El De Las R's,12,0.583,0.501,True,0.676,True,0.518,True,0.434,True,0.473,False
spotify:track:0hi5V0ExKfjCz9zLxhVAcl,Bare Wit Me,Teyana Taylor,5,0.8,0.5,True,0.66,True,0.512,True,0.452,True,0.462,False
spotify:track:4tqFGAtetLWmgaygHXkls6,WeWe (Sped Up),Ruger,8,0.625,0.5,True,0.669,True,0.516,True,0.437,True,0.475,False
spotify:track:4cA6e3U7mtJfAOq3dWNAUZ,In My Feelings,Kehlani,6,0.5,0.5,True,0.657,True,0.515,True,0.446,True,0.468,False
spotify:track:3pXF1nA74528Edde4of9CC,Don't,Bryson Tiller,8,0.75,0.5,True,0.663,True,0.515,True,0.425,False,0.495,True
spotify:track:1K1b1rPjbbam1NXUPg4VrK,Lullaby,UMI,79,0.013,0.5,False,0.683,True,0.527,True,0.474,True,0.395,False
spotify:track:4ZgXDDRSS4lVx1g3WkRon0,"Doctor, My Eyes",Khamari,5,0.8,0.5,False,0.668,True,0.511,True,0.435,True,0.481,False
spotify:track:1LZ20k2OY4mUxVAoLUMTvP,DESIRE,kili,5,0.6,0.5,False,0.667,True,0.512,True,0.447,True,0.463,False
spotify:track:3nN6imxV0JUgGDqyAauuII,FOCUS,Dyce & Flynno,6,0.667,0.5,False,0.661,True,0.511,True,0.446,True,0.468,False
spotify:track:7xa3jMc7pqXzkNSsgTemiC,20 DEGREES,kili,3,0.667,0.5,False,0.659,True,0.531,True,0.426,False,0.473,False
spotify:track:1luvsaicSpNDRLgOtRZxWO,Constant Bullshit,Summer Walker,7,0.286,0.5,False,0.665,True,0.515,True,0.444,True,0.465,False
spotify:track:4eKLPRValz4g6ys9HIJe72,Love This Pain Away,Pino,4,0.75,0.499,False,0.675,True,0.517,True,0.436,True,0.466,False
spotify:track:3Y1ZpXS4HETFHDdBNfNU0I,OPPOSITE,Don Toliver,15,0.4,0.499,False,0.709,True,0.507,True,0.437,True,0.457,False
spotify:track:1YB0MM0gMZi8Gc6lD5v4eM,AT THE CLUB,kili,5,0.6,0.499,False,0.665,True,0.512,True,0.447,True,0.463,False
spotify:track:5Ck3e6z1bcSCes5gdo0Ddt,Bed Peace,Jhené Aiko,4,0.25,0.499,False,0.675,True,0.513,True,0.436,True,0.471,False
spotify:track:0Li1OuXXfi7950ilZUFGkF,Cardigan,Don Toliver,16,0.5,0.499,False,0.704,True,0.506,True,0.442,True,0.455,False
spotify:track:35LxnbeMImdQePFuaZgIjF,all the girls,kwn,11,0.545,0.499,False,0.632,False,0.537,True,0.441,True,0.458,False
spotify:track:0eaVIYo2zeOaGJeqZ5TwYz,No Pole,Don Toliver,15,0.467,0.499,False,0.691,True,0.514,True,0.438,True,0.458,False
spotify:track:5a7NdkF09AfD0H607eiOkX,On My Mind,Ellie Goulding,5,0.8,0.499,False,0.664,True,0.497,True,0.457,True,0.467,False
spotify:track:2iksjpqL3eraxCBKqNHuqd,YES IT IS,Leon Thomas,5,0.8,0.499,False,0.66,True,0.51,True,0.445,True,0.469,False
spotify:track:6YB6CK4Tsb0BgtxCEL9KlI,Give It Up to Me,Sean Paul,6,0.667,0.499,False,0.663,True,0.536,True,0.429,False,0.458,False
spotify:track:0scd3nh27AYTNXo0KHRmsG,Move (feat. Camila Cabello & Malachiii),Adam Port,10,0.6,0.498,False,0.652,True,0.509,True,0.447,True,0.47,False
spotify:track:0laLzrH5PsoA7HpGw2vCVh,Moonlight,Chase Atlantic,4,0.75,0.498,False,0.681,True,0.51,True,0.429,False,0.478,False
spotify:track:0uU6wpqMrSe8SuIAJNIje9,Jealousy,RUBII,6,0.667,0.498,False,0.663,True,0.512,True,0.446,True,0.459,False
spotify:track:55rQ0KiilnaxA2ef6ZBZLh,control,Tommy Saint,6,0.667,0.498,False,0.659,True,0.514,True,0.435,True,0.475,False
spotify:track:7KVPsVMOK3NL7subwJ0dZj,Who You Foolin,Gunna,8,0.5,0.498,False,0.689,True,0.498,True,0.446,True,0.459,False
spotify:track:7zsXy7vlHdItvUSH8EwQss,Cold Water,Major Lazer,3,1.0,0.498,False,0.658,True,0.511,True,0.434,True,0.479,False
spotify:track:0RTnMChwd0ARVY3zOyNdaP,Orion's Belt,Sabrina Claudio,8,0.625,0.497,False,0.652,True,0.515,True,0.445,True,0.462,False
spotify:track:0oiv4E896TUTTeQU0cmIui,Massive,Drake,5,0.6,0.497,False,0.683,True,0.529,True,0.426,False,0.453,False
spotify:track:4dIiJbA32UIWpkwfRdd8qI,Cup Full,Jay Safari,3,0.667,0.497,False,0.662,True,0.511,True,0.435,True,0.473,False
spotify:track:7xgdfBna2X42DewJm3V82v,Don't Count Me Out,Jay Safari,3,0.667,0.497,False,0.662,True,0.511,True,0.435,True,0.473,False
spotify:track:3SMRP2eGrpxBS1I1rZNFLP,Do For Love,Jay Safari,3,0.667,0.497,False,0.662,True,0.511,True,0.435,True,0.473,False
spotify:track:6JOFkwB0ZlppOw6FiE761U,WHAT YOU NEED,Ezra Wood,3,0.667,0.497,False,0.67,True,0.507,True,0.433,False,0.476,False
spotify:track:6EUcP55GlbmsmCzfL2vxtZ,on one tonight,Gunna,30,0.4,0.496,False,0.661,True,0.528,True,0.438,True,0.445,False
spotify:track:3JsydWaf2Ev4ehaLUjj3SY,Confident,Justin Bieber,14,0.5,0.496,False,0.649,False,0.51,True,0.442,True,0.467,False
spotify:track:0WsC4ETIXyiHDMXRaPMvKe,wgft (feat. Burna Boy),Gunna,14,0.214,0.496,False,0.676,True,0.516,True,0.446,True,0.436,False
spotify:track:7qjPjdMQmj2ivIuQsc0Cid,FAVORITE LOVER,DESTIN CONRAD,3,0.333,0.496,False,0.689,True,0.495,False,0.427,False,0.483,False
spotify:track:6ZxpkSgCw37FpTaUrZY6I5,Vibe,AMARIA BB,5,0.6,0.495,False,0.655,True,0.506,True,0.434,True,0.478,False
spotify:track:7FwgafuJFYX2M5CrEVfN4M,again,Gunna,6,0.5,0.495,False,0.686,True,0.498,True,0.442,True,0.457,False
spotify:track:2GBgiuXwY1KzJMA0gSAr9J,Flatline,Justin Bieber,15,0.467,0.495,False,0.649,False,0.51,True,0.436,True,0.473,False
spotify:track:5TXQCMKN6TgemTL3c4wRTn,Sorrows,Bryson Tiller,10,0.6,0.495,False,0.649,False,0.507,True,0.44,True,0.47,False
spotify:track:1MZtr7IH5qtjIkqrXj8WOJ,Essence (feat. Justin Bieber & Tems),Wizkid,3,0.667,0.495,False,0.651,False,0.485,False,0.426,False,0.518,True
spotify:track:5dxgZCSp8CDx4WS9CQWYQG,sakpase,Gunna,5,0.6,0.495,False,0.686,True,0.493,False,0.447,True,0.455,False
spotify:track:19cgfclwwxsGGwaEbOn0B2,Pleasure’s Mine,Don Toliver,8,0.5,0.495,False,0.711,True,0.504,True,0.429,False,0.452,False
spotify:track:5oady7OSE7dH7LHiqmb3Cr,"Dreams, Fairytales, Fantasies (feat. Brent Faiyaz & Salaam Remi)",A$AP Ferg,5,0.6,0.495,False,0.645,False,0.543,True,0.426,False,0.445,False
spotify:track:7whOPCd80vk6YlFNJZiYkc,been some time (need u),Avara,3,0.667,0.495,False,0.685,True,0.506,True,0.429,False,0.464,False
spotify:track:03o9Cj2S5T56GeV9SeZNt0,DO BETTER,Gunna,6,0.5,0.494,False,0.682,True,0.499,True,0.44,True,0.459,False
spotify:track:26uUR69FydfbZuIsHIJ23d,DO ME WRONG,SAHXL,4,0.75,0.494,False,0.64,False,0.507,True,0.452,True,0.454,False
spotify:track:3ncmoWTwJgx63LwMTyBCXf,Hrs & Hrs,Muni Long,6,0.667,0.494,False,0.654,True,0.506,True,0.443,True,0.459,False
spotify:track:6lBHTQVgXXxGCm8q2UvAhu,NEED YOU,DESTIN CONRAD,4,0.5,0.494,False,0.695,True,0.501,True,0.421,False,0.474,False
spotify:track:5AnCLGg35ziFOloEnXK4uu,Adore You,Miley Cyrus,8,0.625,0.494,False,0.652,True,0.509,True,0.443,True,0.457,False
spotify:track:6TQtwV4QG19SzCVG5F2RkC,eyes wide open,kwn,14,0.357,0.494,False,0.632,False,0.542,True,0.421,False,0.458,False
spotify:track:3f3cliOygeuUpGRwdohy12,Comfortable,H.E.R.,5,0.8,0.494,False,0.68,True,0.51,True,0.429,False,0.457,False
spotify:track:6u4Hri8ePzAcIwmlljh9DL,Unakkul Naane (slowed + reverbed),Harris Jayaraj,3,0.667,0.494,False,0.671,True,0.509,True,0.42,False,0.477,False
spotify:track:7eBqSVxrzQZtK2mmgRG6lC,Murder on My Mind,YNW Melly,4,0.75,0.494,False,0.65,False,0.519,True,0.43,False,0.462,False
spotify:track:4OBZT9EnhYIV17t4pGw7ig,Best Part (feat. H.E.R.),Daniel Caesar,3,0.667,0.493,False,0.645,False,0.498,True,0.44,True,0.477,False
spotify:track:08M5qLQy0oUNrTMQv4xQac,MUTT (feat. Chris Brown) [CB REMIX],Leon Thomas,6,0.667,0.493,False,0.657,True,0.505,True,0.436,True,0.467,False
spotify:track:3d8PDk3B4am5c6TsUCznUW,Shut It Down,Drake,8,0.5,0.493,False,0.683,True,0.509,True,0.427,False,0.459,False
spotify:track:5VA4Ispp52EA1sOqzMz3Av,All I Want Is You (feat. J. Cole),Miguel,4,0.75,0.493,False,0.671,True,0.52,True,0.416,False,0.469,False
spotify:track:7eZXAeqqdLDrAp2MvrPzWn,stranger,Jhené Aiko,4,0.0,0.493,False,0.666,True,0.507,True,0.431,False,0.465,False
spotify:track:410TZrK18uRjtsTunG14cl,Middle of the Ocean,Drake,5,0.6,0.493,False,0.729,True,0.497,True,0.423,False,0.452,False
spotify:track:1fewSx2d5KIZ04wsooEBOz,Space Cadet (feat. Gunna),Metro Boomin,3,0.667,0.493,False,0.663,True,0.489,False,0.431,False,0.488,False
spotify:track:2AdZ0pAvlTA9J8Hkkjmxey,I Love Lucy,Khamari,17,0.529,0.493,False,0.652,True,0.499,True,0.446,True,0.459,False
spotify:track:3u07aCTSie9xd3hYy0l4Gj,100,Ella Mai,6,0.667,0.493,False,0.681,True,0.524,True,0.413,False,0.459,False
spotify:track:10zcG57LLR7AEAdED4jpHH,Clothes Off (feat. kwn),Kehlani,3,0.667,0.492,False,0.648,False,0.501,True,0.441,True,0.466,False
spotify:track:7eRJjg52FkSmQvmNQDYpMl,worst behaviour (feat. Kehlani),kwn,4,0.25,0.492,False,0.651,True,0.524,True,0.422,False,0.463,False
spotify:track:2YFKVYXTynPSRtji5SCCRI,i don't mind,sosocamo,3,0.667,0.492,False,0.67,True,0.508,True,0.427,False,0.463,False
spotify:track:4PEGwWH4tL6H7dGl4uVSPg,Like a Tattoo,Sade,14,0.429,0.492,False,0.652,True,0.512,True,0.437,True,0.455,False
spotify:track:7GeTsDIc5ykNB6lORO6Cee,Circo Loco,Drake,5,0.6,0.492,False,0.73,True,0.493,False,0.424,False,0.45,False
spotify:track:3tyDv1Qwsr7MSZB45ywgj7,touch myself,kwn,3,0.667,0.492,False,0.658,True,0.527,True,0.408,False,0.473,False
spotify:track:4aKM3sSP6c4xLBbFM61x4C,MAKE THE TIME,kili,3,0.667,0.492,False,0.649,False,0.51,True,0.435,True,0.46,False
spotify:track:4Ht9JfxFX5Rmi2He6xJs4L,PRETTY GIRLS LOVE ME,kili,3,0.667,0.492,False,0.649,False,0.51,True,0.435,True,0.46,False
spotify:track:1uTjNY0e8h9NhcesMSUE9k,HEDONIST,kili,3,0.667,0.492,False,0.649,False,0.51,True,0.435,True,0.46,False
spotify:track:290eKCMBc9f9CcSLFuQrim,Spend It,Summer Walker,3,0.667,0.492,False,0.67,True,0.503,True,0.43,False,0.464,False
spotify:track:7acv2046Do2x01TLXVXYDo,S.L.I.D.E,Tory Lanez,5,0.6,0.492,False,0.635,False,0.513,True,0.436,True,0.461,False
spotify:track:0Uyh92tLyb9JawG8lmWCzJ,Differences,Ginuwine,4,0.75,0.492,False,0.657,True,0.498,True,0.433,False,0.474,False
spotify:track:0Mkiz1KdSSYYKO5scUFiVD,SUBSTANCE,kili,3,0.667,0.492,False,0.654,True,0.508,True,0.436,True,0.458,False
spotify:track:3Z4gli4YqRYwuNn1Av3mDB,Best of Me,TSoul,15,0.533,0.492,False,0.659,True,0.511,True,0.431,False,0.457,False
spotify:track:1Y3hIs5TYN18Ymvnhd8At2,Coffee (Don't Read Signs),Odeal,14,0.5,0.491,False,0.646,False,0.502,True,0.439,True,0.464,False
spotify:track:32uc3iXCQV6QzFl1y3Fi4b,One Call,Pino,3,0.667,0.491,False,0.671,True,0.503,True,0.43,False,0.46,False
spotify:track:5NsvWgetM1mJlmLHen1hKZ,Keyz To Vampa,Tory Lanez,4,0.75,0.491,False,0.639,False,0.509,True,0.439,True,0.458,False
spotify:track:5wG3HvLhF6Y5KTGlK0IW3J,Trance (with Travis Scott & Young Thug),Metro Boomin,6,0.5,0.491,False,0.655,True,0.493,False,0.434,True,0.475,False
spotify:track:7Csa4PStpuYIfUqNMKQ4V8,"Barbaad (From ""Saiyaara"")",The Rish,3,0.0,0.491,False,0.672,True,0.518,True,0.423,False,0.45,False
spotify:track:2UxU77XYquJ5tQ1t3KV3MX,if you really love me,Asect,9,0.556,0.491,False,0.662,True,0.498,True,0.436,True,0.461,False
spotify:track:1aJzht58rlCQxUMzCtzJxR,The Hate of Friends,Tory Lanez,4,0.75,0.491,False,0.639,False,0.51,True,0.437,True,0.458,False
spotify:track:2dST7cwBuCLMnlYMcT9sNk,Mean it,Asect,7,0.571,0.491,False,0.661,True,0.494,False,0.431,False,0.476,False
spotify:track:1aeRSlCn1EF7f5q7b5l6uu,Lady,Avenoir,14,0.571,0.491,False,0.678,True,0.498,True,0.436,True,0.452,False
spotify:track:2LlOeW5rVcvl3QcPNPcDus,Always,Daniel Caesar,7,0.286,0.491,False,0.628,False,0.526,True,0.423,False,0.464,False
spotify:track:7DVobcJb3XmuOGPZoeGRK8,WAIT 2 LONG,Jamilah Barry,7,0.429,0.491,False,0.653,True,0.503,True,0.436,True,0.459,False
spotify:track:0ABnKfR4XX3D0xTUViIvcL,AGAIN,SAHXL,7,0.571,0.491,False,0.647,False,0.512,True,0.434,True,0.455,False
spotify:track:5XeFesFbtLpXzIVDNQP22n,I Wanna Be Yours,Arctic Monkeys,14,0.571,0.491,False,0.655,True,0.499,True,0.432,False,0.47,False
spotify:track:5W67A7t9MWL3VtovrVrici,worst behaviour (feat. Kehlani),kwn,17,0.235,0.491,False,0.652,True,0.507,True,0.435,True,0.456,False
spotify:track:57mKcbEq7nMqtJ4gqJvWcp,Talk That Talk,Rihanna,7,0.857,0.49,False,0.657,True,0.522,True,0.404,False,0.479,False
spotify:track:3E1aiE5G9FZ5NflJgjr8mx,Leave The Club,Solo B,4,0.75,0.49,False,0.69,True,0.494,False,0.426,False,0.462,False
spotify:track:6svat6LhQXRAnALB7CkUg5,back of the club,kwn,27,0.185,0.49,False,0.625,False,0.529,True,0.427,False,0.454,False
spotify:track:3hxIUxnT27p5WcmjGUXNwx,Shut up My Moms Calling,Hotel Ugly,5,0.6,0.49,False,0.66,True,0.514,True,0.423,False,0.457,False
spotify:track:0JXXNGljqupsJaZsgSbMZV,Sure Thing,Miguel,11,0.545,0.49,False,0.672,True,0.494,False,0.434,True,0.461,False
spotify:track:06EL94D0TA27Ik0Ke5usbj,The Way,Ariana Grande,3,0.667,0.49,False,0.645,False,0.487,False,0.446,True,0.467,False
spotify:track:1hpifz0aMrEbIciKmtAwUL,Carolina Blue,Lazā,7,0.571,0.49,False,0.639,False,0.52,True,0.414,False,0.476,False
spotify:track:4QoFwqgLw1CtoeSv6N80mU,3:16AM,Jhené Aiko,3,0.0,0.49,False,0.664,True,0.501,True,0.428,False,0.464,False
spotify:track:6RUhbFEhrvGISaQ8u2j2JN,Dangerous Woman,Ariana Grande,3,0.667,0.49,False,0.646,False,0.487,False,0.445,True,0.467,False
spotify:track:0WdR2AyLW1Drd3OUdwezM0,everytime,Ariana Grande,3,0.667,0.49,False,0.645,False,0.487,False,0.444,True,0.468,False
spotify:track:181yGUB8xEh4LfK8KhC4Wa,Siren sounds (bonus),Tate McRae,15,0.533,0.49,False,0.656,True,0.508,True,0.426,False,0.463,False
spotify:track:3kw29NreyBGyArNmYARr63,Tuition,Don Toliver,6,0.5,0.49,False,0.708,True,0.498,True,0.423,False,0.448,False
spotify:track:7MOjhqpSpGkeRyT4agpg12,Wish I Never Met You - Prison Tapes,Tory Lanez,10,0.4,0.49,False,0.627,False,0.512,True,0.435,True,0.46,False
spotify:track:2Fyjjpg03fn7n5cj0Qm380,Karma,Summer Walker,29,0.172,0.49,False,0.657,True,0.517,True,0.418,False,0.461,False
spotify:track:0vgwRl8tsq9nVaXWuT8Sws,Soul,Yarden,3,0.667,0.49,False,0.66,True,0.501,True,0.425,False,0.47,False
spotify:track:11tPBZQzsEjPnAegM3mxs9,cfwm,Gunna,3,0.667,0.49,False,0.675,True,0.492,False,0.437,True,0.454,False
spotify:track:65krtHkaYLPr0mEbjL61UP,Kiss of Life,Sade,7,0.571,0.49,False,0.648,False,0.511,True,0.436,True,0.448,False
spotify:track:2k3IJR9hf34ZfEnTdlcoSK,Bus Stop (feat. Brent Faiyaz),Don Toliver,5,0.6,0.489,False,0.685,True,0.501,True,0.429,False,0.449,False
spotify:track:46tv0OqV2s15z2Jvb2E1fe,podcast,Gunna,3,0.667,0.489,False,0.675,True,0.492,False,0.437,True,0.453,False
spotify:track:6d9Cs2D2RSIl9c0ulgnFe8,Gemstone,Don Toliver,10,0.4,0.489,False,0.703,True,0.5,True,0.422,False,0.447,False
spotify:track:0dZG4yK5yPxGBbViV97mky,Folded - A COLORS SHOW,Kehlani,6,0.333,0.489,False,0.643,False,0.508,True,0.432,False,0.459,False
spotify:track:5zXTskPR6ybGjMoZfJnJ6O,neck on a yacht,Gunna,3,0.667,0.489,False,0.675,True,0.492,False,0.436,True,0.453,False
spotify:track:294pxweq9pggAO32OQVgYw,I Luv This Shit - Remix (Bonus Track),August Alsina,6,0.667,0.489,False,0.639,False,0.515,True,0.431,False,0.453,False
spotify:track:290ilxF4OsghfGWMV9OZNd,La Cheyenne,El De Las R's,4,0.75,0.489,False,0.662,True,0.522,True,0.41,False,0.46,False
spotify:track:52NGJPcLUzQq5w7uv4e5gf,Private Landing (feat. Justin Bieber & Future),Don Toliver,13,0.308,0.489,False,0.719,True,0.495,True,0.42,False,0.446,False
spotify:track:5RmqWDRMCBJJjjhHM4KmfI,BED - BONUS,JLLY,7,0.571,0.489,False,0.649,False,0.502,True,0.431,False,0.464,False
spotify:track:16Of7eeW44kt0a1M0nitHM,You Make Me Feel... (feat. Sabi),Cobra Starship,8,0.625,0.489,False,0.643,False,0.507,True,0.427,False,0.467,False
spotify:track:0gl5Yt7KlvwIb8LmPHmBTc,K9 (feat. SahBabii),Don Toliver,5,0.6,0.489,False,0.683,True,0.499,True,0.429,False,0.45,False
spotify:track:25KybV9BOUlvcnv7nN3Pyo,In The Night,The Weeknd,3,1.0,0.489,False,0.637,False,0.529,True,0.404,False,0.473,False
spotify:track:5P8zrJH6NhD2QRIscTSTcq,do what i say,kwn,7,0.571,0.489,False,0.635,False,0.508,True,0.428,False,0.466,False
spotify:track:527k23H0A4Q0UJN3vGs0Da,After Party,Don Toliver,6,0.5,0.488,False,0.702,True,0.492,False,0.424,False,0.451,False
spotify:track:0TPiDjETmLNNHQwlOVw086,gp,Gunna,3,0.667,0.488,False,0.674,True,0.493,False,0.433,False,0.455,False
spotify:track:1beKrilohj182j25MLImOo,Actin' Crazy,Solo B,9,0.556,0.488,False,0.688,True,0.495,False,0.419,False,0.463,False
spotify:track:7BRD7x5pt8Lqa1eGYC4dzj,CHIHIRO,Billie Eilish,6,0.667,0.488,False,0.641,False,0.498,True,0.438,True,0.459,False
spotify:track:5GkQIP5mWPi4KZLLXeuFTT,motive (with Doja Cat),Ariana Grande,3,0.667,0.488,False,0.645,False,0.491,False,0.435,True,0.468,False
spotify:track:51mLQ3w7yR7vjdSTFLWaY5,Ginger (feat. Burna Boy),Wizkid,4,0.75,0.488,False,0.641,False,0.512,True,0.422,False,0.463,False
spotify:track:1dI1aqUHuhMZcwDdqD3plu,Ride the Storm,GoldFord,5,0.6,0.488,False,0.656,True,0.489,False,0.416,False,0.493,False
spotify:track:1Hv1VTm8zeOeybub15mA2R,Smooth Operator - Single Version,Sade,7,0.571,0.488,False,0.646,False,0.502,True,0.434,True,0.454,False
spotify:track:4s76r7AbquJcTccqJiqdVu,Hold Me Down,Daniel Caesar,5,0.4,0.488,False,0.641,False,0.497,True,0.429,False,0.471,False
spotify:track:2X4vvTI2g6jISxhJwpF4hL,blame,pryme!,3,0.667,0.488,False,0.651,False,0.504,True,0.42,False,0.469,False
spotify:track:3wTR19ZWwarG87Rw3dh8Sz,dangerous,pryme!,3,0.667,0.488,False,0.651,False,0.504,True,0.42,False,0.469,False
spotify:track:1eUGmzzvahJjOSWgDHuRlv,Girl With The Tattoo Enter.lewd,Miguel,5,0.6,0.487,False,0.634,False,0.485,False,0.45,True,0.459,False
spotify:track:4slBllHFZYlpg3IjeX5CBl,How Deep Is Your Love,Calvin Harris,7,0.714,0.487,False,0.658,True,0.495,False,0.431,False,0.462,False
spotify:track:16yVaWo0Gmvs2wlnmJbcH7,Call Back,Don Toliver,17,0.412,0.487,False,0.681,True,0.479,False,0.439,True,0.454,False
spotify:track:5BbdKBZO0TH0GhfxUfyhL9,Freestyle,Lil Baby,3,0.667,0.487,False,0.644,False,0.485,False,0.428,False,0.485,False
spotify:track:1ISwDm8lL5tjam1eddejBb,November's Interlude,FANTASY,3,0.667,0.487,False,0.647,False,0.497,True,0.431,False,0.463,False
spotify:track:7G9ldqCz2e2REi5zIhOJoa,ANTIDOTE,RJ Pasin,19,0.579,0.487,False,0.651,True,0.472,False,0.447,True,0.469,False
spotify:track:4HBZA5flZLE435QTztThqH,Stuck with U (with Justin Bieber),Ariana Grande,6,0.333,0.487,False,0.63,False,0.485,False,0.448,True,0.464,False
spotify:track:2QjOHCTQ1Jl3zawyYOpxh6,Sweater Weather,The Neighbourhood,6,0.333,0.487,False,0.642,False,0.492,False,0.444,True,0.452,False
spotify:track:5ZF6l3xKi3m6YK2dDXAsR5,Love Me Back (Fayahh Beat),Trinidad Cardona,11,0.545,0.487,False,0.644,False,0.496,True,0.433,True,0.461,False
spotify:track:1VAKnb1btGrQXcVZVSRkPe,Good & Plenty,Alex Isley,10,0.5,0.487,False,0.65,False,0.483,False,0.448,True,0.452,False
spotify:track:4qS2KPWvsQzLvRa9oCHw41,You (feat. Travis Scott),Don Toliver,19,0.421,0.487,False,0.681,True,0.479,False,0.44,True,0.449,False
spotify:track:0FBQ4NrrHUbR9kus7rzrOj,Dil Diyan Gallan,Atif Aslam,3,0.667,0.487,False,0.635,False,0.482,False,0.453,True,0.455,False
spotify:track:6IN9WJGNwMtwmWx6pCw6BE,S*M*N,Tory Lanez,10,0.4,0.486,False,0.623,False,0.51,True,0.432,False,0.455,False
spotify:track:03auLpFLdCv4HozP4pQseu,ATM,Don Toliver,10,0.4,0.486,False,0.675,True,0.5,True,0.425,False,0.447,False
spotify:track:78HHK0cJZIZQZVcXUmYcIR,KIAEESHA,SAHXL,4,0.75,0.486,False,0.64,False,0.508,True,0.427,False,0.454,False
spotify:track:5maiP9UMnTSgoxPX8X3bdz,Na Na,Trey Songz,8,0.5,0.486,False,0.645,False,0.504,True,0.413,False,0.477,False
spotify:track:6MDg5JGkkeUheJEL108Sa2,MISSME,Ezra Wood,5,0.2,0.486,False,0.656,True,0.496,True,0.424,False,0.464,False
spotify:track:7c3YkPGBLWhqhLwbUHSInq,NIGHT OFF,Isaiah Falls,11,0.545,0.486,False,0.654,True,0.491,False,0.434,True,0.456,False
spotify:track:6GJc93iZwtT1sennWoDYLa,swv,Karri,5,0.6,0.486,False,0.662,True,0.497,True,0.422,False,0.462,False
spotify:track:5OoRmdDfAiDztSwrhe7wuE,Liberian Girl - 2012 Remastered Version,Michael Jackson,37,0.054,0.486,False,0.658,True,0.517,True,0.448,True,0.399,False
spotify:track:5lK5WU3StoMqnuN8lN4Qbh,SUPARO,WAYNE FLENORY,4,0.75,0.486,False,0.653,True,0.507,True,0.421,False,0.456,False
spotify:track:4Bsf8Pzli5MQv9zLF9KXqc,Unakkul Naane,Harris Jayaraj,4,0.75,0.486,False,0.653,True,0.497,True,0.42,False,0.469,False
spotify:track:4NPaco5TqfhjxYvSNPpuYO,Bloom,Aqyila,7,0.571,0.485,False,0.654,True,0.492,False,0.432,False,0.455,False
spotify:track:2pobof8rJa2DSEEM4LdxVm,invisible attachments.,Flyy Armani,5,0.6,0.485,False,0.641,False,0.481,False,0.444,True,0.46,False
spotify:track:0uDdI4fAXCuNhQbmxENdsO,Can I,Kehlani,3,0.667,0.485,False,0.655,True,0.495,False,0.426,False,0.46,False
spotify:track:4Wjhj0WjkyECccfHVIgaTq,Trust Issues,Drake,7,0.429,0.485,False,0.676,True,0.497,True,0.423,False,0.45,False
spotify:track:221qmpQeBNV87sUjQeUTVH,Around Me (feat. Don Toliver),Metro Boomin,14,0.429,0.485,False,0.632,False,0.492,False,0.442,True,0.454,False
spotify:track:0ELxuwozi70IAT4lGEkuZD,Lay With Me,Ebubé,11,0.545,0.485,False,0.649,False,0.496,True,0.432,False,0.452,False
spotify:track:0hW02S9ACVYANz1ica10jH,Love Don't Cost A Dime (Re-Up),Magixx,3,0.667,0.485,False,0.638,False,0.509,True,0.421,False,0.458,False
spotify:track:2c7z5oRcPBbqRaBY2mLWcf,NEW DROP,Don Toliver,20,0.35,0.485,False,0.676,True,0.475,False,0.438,True,0.453,False
spotify:track:3BJ8SjJ2TeMxmTDPeC8yaZ,Buzzin Remix - Remix,Mann,10,0.5,0.485,False,0.653,True,0.485,False,0.412,False,0.493,False
spotify:track:1dMayMwLnaaXsobe48CZwO,COME THRU,SAHXL,5,0.6,0.485,False,0.643,False,0.509,True,0.429,False,0.443,False
spotify:track:5nEdwtSv0qqeE0l4o1lR4q,(When You Gonna) Give It Up to Me (feat. Keyshia Cole) - Radio Version,Sean Paul,13,0.462,0.485,False,0.647,False,0.502,True,0.427,False,0.452,False
spotify:track:0lbVaIuvvZvK499elqT7uX,Busy Body,Yarden,3,0.333,0.485,False,0.656,True,0.492,False,0.412,False,0.481,False
spotify:track:1zmm0RJr87jNbbLR08eaLV,Bloom (feat. Strings From Paris),Aqyila,4,0.75,0.484,False,0.65,False,0.493,False,0.427,False,0.46,False
spotify:track:3oK47AvuMTXzq1zbJlOPkg,Aura,Eric IV,4,0.5,0.484,False,0.659,True,0.489,False,0.41,False,0.485,False
spotify:track:0sdx7g8ff4pLdivhf2JUa8,i kno',Destin Laurel,5,0.6,0.484,False,0.678,True,0.491,False,0.423,False,0.453,False
spotify:track:3t8pnImpBpOwxdtYBpKvA9,The Motion,Drake,6,0.333,0.484,False,0.693,True,0.492,False,0.419,False,0.446,False
spotify:track:1ZsfLZkWw8KgcwPIp6sseQ,REPLICA (feat. Sasha Keable),GIVĒON,8,0.625,0.484,False,0.645,False,0.502,True,0.42,False,0.461,False
spotify:track:52brDlLtV8OmnqsPZQpOFu,Impromptu,Karri,3,0.667,0.484,False,0.656,True,0.508,True,0.417,False,0.45,False
spotify:track:3oSUwhmh3WiMUGq9J4K9WX,My Last One,FANTASY,6,0.333,0.484,False,0.645,False,0.493,False,0.429,False,0.458,False
spotify:track:2A5cwtDZpk7RvsPolrF4UL,Excavator,Don Toliver,11,0.364,0.484,False,0.67,True,0.498,True,0.422,False,0.446,False
spotify:track:5PQhyaQi0sevQDdprCxa3s,ATM,Don Toliver,5,0.6,0.484,False,0.692,True,0.489,False,0.417,False,0.452,False
spotify:track:61uyGDPJ06MkxJtHgPmuyO,Company,Justin Bieber,5,0.6,0.483,False,0.636,False,0.49,False,0.429,False,0.464,False
spotify:track:4K5lYtD8r6OFRbzWc6MwCS,AZAMAN,Rema,4,0.75,0.483,False,0.629,False,0.486,False,0.444,True,0.452,False
spotify:track:0SjQBdIddPvKSWxr8vk6QX,Dumebi,Rema,4,0.75,0.483,False,0.629,False,0.515,True,0.418,False,0.452,False
spotify:track:3ym8ajVmKm6Fybgov3WBI5,Let Me Go,Daniel Caesar,4,0.5,0.483,False,0.634,False,0.489,False,0.427,False,0.468,False
spotify:track:312z6PZ8wwREck8613PkJk,A Couple Minutes,Olivia Dean,8,0.625,0.483,False,0.649,False,0.492,False,0.421,False,0.466,False
spotify:track:69DJIPb2apZLfq0iVO90ez,Amnesia,Eric IV,4,0.5,0.483,False,0.659,True,0.496,True,0.4,False,0.485,False
spotify:track:2rDtfPMI5mDJVTwYYG00QI,"Soweto (with Don Toliver, Rema & Tempoe)",Victony,10,0.5,0.483,False,0.677,True,0.488,False,0.422,False,0.45,False
spotify:track:5fuF9pCgcQHg6Uauv3cNQu,Told Em’,Kayeandre,5,0.4,0.483,False,0.643,False,0.482,False,0.449,True,0.44,False
spotify:track:7bnhPW64dgFLk7OiCOqzqh,Bliss Abroad,Masego,3,0.333,0.483,False,0.663,True,0.498,True,0.412,False,0.462,False
spotify:track:0wwPcA6wtMf6HUMpIRdeP7,Hotline Bling,Drake,5,0.4,0.483,False,0.697,True,0.492,False,0.415,False,0.444,False
spotify:track:1nD3K6W0atK00pbJXS6JRa,100,Ella Mai,8,0.5,0.483,False,0.658,True,0.496,True,0.416,False,0.46,False
spotify:track:1SJtlNRJDeYHioymcvsqev,Crying in the Club,Camila Cabello,5,0.6,0.483,False,0.658,True,0.49,False,0.425,False,0.454,False
spotify:track:236P5yLtfnHgTMxevc0q6F,TBH,PARTYNEXTDOOR,61,0.082,0.483,False,0.63,False,0.527,True,0.415,False,0.439,False
spotify:track:6XHVuErjQ4XNm6nDPVCxVX,No Guidance (feat. Drake),Chris Brown,7,0.571,0.482,False,0.641,False,0.494,False,0.416,False,0.472,False
spotify:track:18ws4dUbhpoGB7Uv7U89yp,Roller Coaster,Justin Bieber,5,0.6,0.482,False,0.652,True,0.49,False,0.425,False,0.457,False
spotify:track:4o4wEDRqotccDTXiQ7TORu,Un-thinkable (I'm Ready) (feat. Drake) - Remix,Alicia Keys,6,0.667,0.482,False,0.641,False,0.492,False,0.426,False,0.46,False
spotify:track:1wBcuMWPbhwEaNksDoHHgt,Such A Virgo,Eric IV,3,0.333,0.482,False,0.647,False,0.486,False,0.409,False,0.489,False
spotify:track:45pUWUeEWGoSdH6UF162G8,Broke Boys,Drake,3,0.667,0.482,False,0.723,True,0.48,False,0.411,False,0.448,False
spotify:track:6eXpEvkpwBKtgE1WfD86xV,GOLIATH,Boybreed,3,0.667,0.482,False,0.659,True,0.501,True,0.415,False,0.452,False
spotify:track:2XjoHA58XD0t3qye8bYGU8,Blessed,Daniel Caesar,5,0.2,0.482,False,0.631,False,0.495,True,0.424,False,0.462,False
spotify:track:4ea9w8c4ROqiZpJVhfBA3m,Hot (Remix) [feat. Gunna and Travis Scott],Young Thug,3,0.667,0.482,False,0.645,False,0.485,False,0.428,False,0.461,False
spotify:track:76oWruR7pYy8Fjvgn4KBUA,Both Sides Of The Moon,Celeste,6,0.333,0.482,False,0.629,False,0.495,False,0.415,False,0.477,False
spotify:track:5AzkZpHgIxW3v6e7kc9Q95,WANT IT BACK - JERSEY MIX BY PROD.SHUSHY,S2,3,0.667,0.482,False,0.637,False,0.476,False,0.422,False,0.485,False
spotify:track:7MlDNspYwfqnHxORufupwq,"Sex, Drugs, Etc.",Beach Weather,6,0.5,0.482,False,0.644,False,0.491,False,0.425,False,0.457,False
spotify:track:35sZOqVnTQNIGWGURrFdLh,Dreamin,PARTYNEXTDOOR,7,0.571,0.482,False,0.624,False,0.482,False,0.451,True,0.443,False
spotify:track:7lAK3oHbfEnvUQWosrMMpR,YOSEMITE,Travis Scott,5,0.8,0.481,False,0.65,False,0.488,False,0.433,True,0.444,False
spotify:track:1VLtjHwRWOVJiE5Py7JxoQ,Martin & Gina,Polo G,3,0.667,0.481,False,0.635,False,0.505,True,0.417,False,0.455,False
spotify:track:4dTmQfqA75KrfynUF1TUX9,bye,Altare,4,0.75,0.481,False,0.644,False,0.495,False,0.424,False,0.452,False
spotify:track:5L9WFUodzACitS1TiGm7Mi,No Sense,Justin Bieber,6,0.5,0.481,False,0.667,True,0.488,False,0.417,False,0.457,False
spotify:track:5TVlcZRCVoJVi9OaDvGxEB,Unravel Me,Sabrina Claudio,4,0.75,0.481,False,0.641,False,0.489,False,0.42,False,0.467,False
spotify:track:5odrgttxGTjodGqpIc4Kqr,NOT THE ONE,SAHXL,6,0.5,0.481,False,0.643,False,0.506,True,0.414,False,0.452,False
spotify:track:1w6dhNvvia4MCIuWWJAyHQ,Call My Name,J'calm,4,0.75,0.481,False,0.624,False,0.516,True,0.414,False,0.449,False
spotify:track:3B54sVLJ402zGa6Xm4YGNe,Unforgettable,French Montana,7,0.571,0.481,False,0.633,False,0.492,False,0.427,False,0.456,False
spotify:track:3bwCMbwDZVtvJDnUTQIdCX,Beat It (feat. Chris Brown & Wiz Khalifa),Sean Kingston,7,0.571,0.481,False,0.639,False,0.49,False,0.427,False,0.455,False
spotify:track:5OCJzvD7sykQEKHH7qAC3C,God is a woman,Ariana Grande,4,0.5,0.481,False,0.633,False,0.476,False,0.436,True,0.462,False
spotify:track:60F6pgM6H6miNr5AmjxwjL,Fallen Star,The Neighbourhood,12,0.25,0.48,False,0.636,False,0.506,True,0.413,False,0.455,False
spotify:track:2NUWAN5qOHRfMkrKgj1PVJ,FLORIDA BABY,Isaiah Falls,3,0.667,0.48,False,0.666,True,0.505,True,0.411,False,0.442,False
spotify:track:0srNG0mElv2eDhMfuvwVlW,Lagos Lovin',Ṣẹwà,4,0.75,0.48,False,0.64,False,0.488,False,0.425,False,0.458,False
spotify:track:50a8bKqlwDEqeiEknrzkTO,ball w/o you,21 Savage,4,0.75,0.48,False,0.641,False,0.513,True,0.409,False,0.449,False
spotify:track:43bCmCI0nSgcT7QdMXY6LV,Side To Side,Ariana Grande,4,0.5,0.48,False,0.633,False,0.476,False,0.435,True,0.462,False
spotify:track:25cUhiAod71TIQSNicOaW3,Adorn,Miguel,9,0.444,0.48,False,0.638,False,0.483,False,0.429,False,0.459,False
spotify:track:3WQBER5AAfw8sMrQczAw95,FIGURED YOU OUT,Devkota,6,0.5,0.48,False,0.648,False,0.486,False,0.425,False,0.455,False
spotify:track:4eWQlBRaTjPPUlzacqEeoQ,Never Be the Same,Camila Cabello,5,0.6,0.48,False,0.65,False,0.49,False,0.42,False,0.455,False
spotify:track:3JEJwjqLkg2Jbau5922CAb,Her Way,PARTYNEXTDOOR,4,0.75,0.48,False,0.656,True,0.481,False,0.419,False,0.465,False
spotify:track:1CqcGbXZrpJJygqUM8PW05,My Heart,Odeal,5,0.6,0.48,False,0.665,True,0.485,False,0.424,False,0.447,False
spotify:track:0VF7YLIxSQKyNiFL3X6MmN,Stargazing,The Neighbourhood,4,0.5,0.48,False,0.626,False,0.484,False,0.433,True,0.456,False
spotify:track:4pAl7FkDMNBsjykPXo91B3,Needed Me,Rihanna,10,0.7,0.48,False,0.619,False,0.516,True,0.399,False,0.47,False
spotify:track:1kbWSEbOVClaxDd6g4G66w,Someone Else - Lost Tapes 2015,Tory Lanez,3,0.667,0.479,False,0.631,False,0.49,False,0.432,False,0.446,False
spotify:track:6q8DG5EXAUlkKedly18SER,ON YOU (iii),Timi Dre,4,0.75,0.479,False,0.657,True,0.49,False,0.412,False,0.46,False
spotify:track:7a5fliY9SsZENrQWQBZron,Texts Go Green,Drake,3,0.667,0.479,False,0.673,True,0.487,False,0.415,False,0.449,False
spotify:track:3m5rs2BeWjLUe0Ygc6aM7i,Streetcar,Daniel Caesar,5,0.4,0.479,False,0.641,False,0.489,False,0.415,False,0.467,False
spotify:track:5Z8HZM6iQMhhqyPcCGY5g9,Hot (feat. Gunna),Young Thug,7,0.571,0.479,False,0.655,True,0.489,False,0.414,False,0.458,False
spotify:track:6Na5uKk5SsqZimk0hAWo8y,Signs,Drake,3,0.667,0.479,False,0.692,True,0.483,False,0.412,False,0.447,False
spotify:track:23Z3bbYcl1PdcPJemLa4zc,Flight's Booked,Drake,3,0.667,0.479,False,0.692,True,0.479,False,0.414,False,0.449,False
spotify:track:5Lgcn7u07bHuqbOtXkN62u,With You,Chris Brown,3,0.667,0.479,False,0.627,False,0.479,False,0.442,True,0.447,False
spotify:track:5ihNz8Yth3xn9Q9jmeAmmQ,i like just how you like me - ACOUSTIC,SAHXL,6,0.5,0.479,False,0.643,False,0.506,True,0.414,False,0.442,False
spotify:track:5sVrb7EJxs2LriI1m3KuX2,just say dat,Gunna,4,0.5,0.479,False,0.667,True,0.483,False,0.42,False,0.447,False
spotify:track:6IyoLWzljeR3ldQo4KWHT6,Out thë way,Yeat,3,0.667,0.479,False,0.641,False,0.491,False,0.405,False,0.476,False
spotify:track:1RJl5cZ8kFpoVFOS2x6scI,Take Me Where Your Heart Is,Q Marsden,3,0.667,0.479,False,0.628,False,0.499,True,0.411,False,0.464,False
spotify:track:5t0fJXoMQkWm1GgpdjirVz,Endure,"Chuka, The Destroyer",3,0.333,0.479,False,0.65,False,0.484,False,0.406,False,0.477,False
spotify:track:15EPc80XuFrb2LmOzGjuRg,Crew (feat. Brent Faiyaz & Shy Glizzy),GoldLink,7,0.429,0.479,False,0.649,False,0.493,False,0.423,False,0.442,False
spotify:track:5mCPDVBb16L4XQwDdbRUpz,Passionfruit,Drake,3,0.667,0.479,False,0.675,True,0.484,False,0.416,False,0.448,False
spotify:track:1ZvPXg7F8LfY8ZpPpxDOo8,how this go.,Flyy Armani,5,0.6,0.478,False,0.63,False,0.489,False,0.421,False,0.46,False
spotify:track:3cRFHt8Rik178fXkDGZnOv,Jokes On Me,Tory Lanez,3,0.667,0.478,False,0.628,False,0.501,True,0.417,False,0.451,False
spotify:track:2f8y4CuG57UJEmkG3ujd0D,NASTY GIRL / ON CAMERA,Gunna,4,0.5,0.478,False,0.667,True,0.482,False,0.42,False,0.447,False
spotify:track:7xoUc6faLbCqZO6fQEYprd,One Last Time,Ariana Grande,5,0.2,0.478,False,0.629,False,0.48,False,0.432,False,0.455,False
spotify:track:0TL0LFcwIBF5eX7arDIKxY,Husn,Anuv Jain,5,0.6,0.478,False,0.624,False,0.504,True,0.418,False,0.449,False
spotify:track:3jVtllWS5CFFWLQng8sKsr,2 On (feat. ScHoolboy Q),Tinashe,20,0.45,0.478,False,0.64,False,0.471,False,0.434,True,0.457,False
spotify:track:3wMnvaZdovLrhuALF6MEpy,Bonus: Rivers of Love,Olivia B Moore,3,0.667,0.478,False,0.653,True,0.482,False,0.417,False,0.46,False
spotify:track:0YQ3pxSWszXRbPHZHSvlqU,Endless Night,Maeta,5,0.6,0.478,False,0.637,False,0.486,False,0.424,False,0.454,False
spotify:track:1bDbXMyjaUIooNwFE9wn0N,Rich Flex,Drake,3,0.667,0.478,False,0.673,True,0.484,False,0.414,False,0.449,False
spotify:track:3MjfQ7mgkGr9q3GkYQSZw5,Test Of Time,OSA,6,0.667,0.478,False,0.648,False,0.48,False,0.428,False,0.449,False
spotify:track:6dRVOzSxLqRdqUjc9mctGg,Girl You Loud,Chris Brown,14,0.286,0.478,False,0.622,False,0.5,True,0.42,False,0.449,False
spotify:track:0NzumlcFQrTdLl6kpRrCqE,stay close,rl,3,0.667,0.478,False,0.635,False,0.486,False,0.422,False,0.456,False
spotify:track:5ctk3VJoHoURSiwkCJn2bf,How Many Drinks?,Miguel,8,0.5,0.478,False,0.635,False,0.478,False,0.428,False,0.458,False
spotify:track:7B1c8GzIeRVfuU7pqgmBaR,BP,Summer Walker,4,0.25,0.478,False,0.649,False,0.488,False,0.415,False,0.454,False
spotify:track:6G8kHiVZ1jW7vHMPVRNZU0,Don’t Matter To Me (with Michael Jackson),Drake,3,0.667,0.478,False,0.69,True,0.48,False,0.411,False,0.447,False
spotify:track:29YW2xXlo6Pc6M0SBTCXYN,More M’s,Drake,3,0.667,0.477,False,0.69,True,0.48,False,0.411,False,0.447,False
spotify:track:7iqP0fGWZVJLtkunH5iz7i,NEGLIGENT - UNPLUGGED,SAHXL,3,0.667,0.477,False,0.619,False,0.494,False,0.416,False,0.464,False
spotify:track:4PjUTGWC6hQJ84zQQOMkWk,Don't Lie,Tay Iwar,4,0.75,0.477,False,0.624,False,0.516,True,0.402,False,0.451,False
spotify:track:1B5I5yqLpVI5EosZS6bJFs,Call Me Every Day (feat. Wizkid),Chris Brown,3,0.667,0.477,False,0.645,False,0.491,False,0.415,False,0.452,False
spotify:track:5kJ45QtERi21dHsz2rrOyG,i like just how you like me,SAHXL,11,0.364,0.477,False,0.628,False,0.505,True,0.414,False,0.445,False
spotify:track:3RcY8On1jKVfV8odFmNWzw,Moan,Sabrina Claudio,5,0.6,0.477,False,0.641,False,0.489,False,0.42,False,0.448,False
spotify:track:56si04F0ZocY2zkwBl7LaA,venus pool (interlude),kwn,6,0.333,0.477,False,0.609,False,0.496,True,0.425,False,0.452,False
spotify:track:4prNd0lrxG2rIgIYB3v1DV,rock the bed.,Flyy Armani,5,0.6,0.477,False,0.671,True,0.481,False,0.407,False,0.46,False
spotify:track:1WQqCHy77aGHFK96qrsEEG,Ta Ta Ta,Bayanni,3,0.667,0.477,False,0.636,False,0.506,True,0.406,False,0.448,False
spotify:track:6HGeYNFZe51bX0yYOXuvcO,Make Way,Ruger,4,0.25,0.476,False,0.62,False,0.459,False,0.459,True,0.44,False
spotify:track:1poyuEQYJVxX0IpnwMXrgM,Something Going On - Kompa Gouyad Solo Edit,Kaysha,4,0.75,0.476,False,0.674,True,0.484,False,0.408,False,0.452,False
spotify:track:2mo4wJKJJR2lQCZYnTaI4Y,For Me (feat. Brent Faiyaz) - Remix,Loe Shimmy,6,0.333,0.476,False,0.602,False,0.478,False,0.444,True,0.447,False
spotify:track:6WVzOH9YzOPJg6Q9BAEMVb,Imaginando Aquele Dia,Giana Mello,6,0.5,0.476,False,0.65,False,0.483,False,0.417,False,0.452,False
spotify:track:67j0L46AT0Q5sGfeEYqInB,Make It Right,Lekan,4,0.75,0.476,False,0.651,False,0.512,True,0.39,False,0.453,False
spotify:track:6MLRXGIIpGXOR7ZvQm3xHF,no cinderella,kwn,3,0.667,0.476,False,0.623,False,0.499,True,0.409,False,0.459,False
spotify:track:1OdxQvBNOgCDE3SyqoEDha,Slow Motion (feat. Wizkid),Don Toliver,3,0.667,0.476,False,0.685,True,0.475,False,0.411,False,0.45,False
spotify:track:7ueuqvQkKA9k1Pys0hB5br,Praise Jah In The Moonlight,YG Marley,3,0.667,0.476,False,0.635,False,0.482,False,0.419,False,0.458,False
spotify:track:2egIlhalVEVQhvt9W11u82,Miami (feat. Leon Thomas),Odeal,5,0.6,0.476,False,0.623,False,0.485,False,0.423,False,0.455,False
spotify:track:2LSmH4vxyRhkJ2pPqcmkXw,NOBLE,F3miii,8,0.625,0.476,False,0.628,False,0.48,False,0.426,False,0.454,False
spotify:track:503qpXjLNLWBSzMLi5pxKu,Move Her Body,Titus Irons,7,0.571,0.476,False,0.636,False,0.494,False,0.414,False,0.448,False
spotify:track:4IkZf8InSg9ybEo441FWSR,Dangerous,Asiah,3,0.667,0.475,False,0.629,False,0.522,True,0.391,False,0.45,False
spotify:track:3XqM8hLCEYlbnFjoWwqtFv,Angel Numbers / Ten Toes,Chris Brown,10,0.4,0.475,False,0.628,False,0.492,False,0.419,False,0.447,False
spotify:track:5o5WaO9pzPhXSGIrTIYVce,Cherry Wine,grentperez,3,0.667,0.475,False,0.636,False,0.485,False,0.416,False,0.455,False
spotify:track:0QUbiLQySWPq5Lh3f7A9bN,Hate the Club (feat. Masego),Kehlani,4,0.5,0.475,False,0.648,False,0.485,False,0.409,False,0.458,False
spotify:track:7MmG8p0F9N3C4AXdK6o6Eb,Outside (feat. Ellie Goulding),Calvin Harris,19,0.421,0.475,False,0.667,True,0.519,True,0.381,False,0.445,False
spotify:track:4BhGTc3Cgay2U1QcTS7vQe,Fire & Desire,Drake,8,0.25,0.475,False,0.685,True,0.487,False,0.405,False,0.439,False
spotify:track:32VIrOsJmwvqRm4rWFBCsi,Shiver,John Summit,3,0.667,0.475,False,0.617,False,0.508,True,0.412,False,0.442,False
spotify:track:0TW3eNGviQCVHb2wH7MRnT,Hit Me Up Again,Asect,3,0.667,0.475,False,0.65,False,0.486,False,0.397,False,0.473,False
spotify:track:3B4cjvGlPvyBLNG3AzEgkZ,E85,Don Toliver,28,0.464,0.475,False,0.674,True,0.451,False,0.431,False,0.453,False
spotify:track:2Rmuzh89p29BeTIF63Opwo,Right Here,Justin Bieber,23,0.174,0.475,False,0.628,False,0.468,False,0.433,False,0.455,False
spotify:track:0NHvTrD8Igke3fawcp3njY,Wus Good / Curious,PARTYNEXTDOOR,4,0.75,0.475,False,0.654,True,0.483,False,0.416,False,0.445,False
spotify:track:0CL8DINos7ow0xGrvR0pHD,Ifeoma,Ozedikus,9,0.444,0.475,False,0.663,True,0.475,False,0.414,False,0.452,False
spotify:track:0RBw4ODUQPO4cuAOZtBGga,Hurts Me,Tory Lanez,5,0.2,0.475,False,0.612,False,0.497,True,0.419,False,0.447,False
spotify:track:0cciBj4236w1xByzZvn92D,Beauty & Essex (feat. Daniel Caesar & Unknown Mortal Orchestra),Free Nationals,5,0.6,0.475,False,0.64,False,0.484,False,0.421,False,0.443,False
spotify:track:2bSk87AVkCIIC3Bcligq1z,Life Goes On,Lil Baby,7,0.429,0.475,False,0.63,False,0.487,False,0.422,False,0.445,False
spotify:track:4nwSwALkSaxA26bEANsi20,Eve,Avenoir,4,0.75,0.474,False,0.676,True,0.48,False,0.407,False,0.448,False
spotify:track:4gbVRS8gloEluzf0GzDOFc,Maps,Maroon 5,6,0.5,0.474,False,0.638,False,0.49,False,0.415,False,0.446,False
spotify:track:2ogKhhoMClkFXek7ZgxAhN,Shameless,Camila Cabello,3,0.667,0.474,False,0.652,True,0.483,False,0.411,False,0.452,False
spotify:track:5utUZ5nv6y6dR8irsnOQEj,Bloom,Aqyila,3,0.667,0.474,False,0.64,False,0.498,True,0.401,False,0.454,False
spotify:track:7pv80uUHfocFqfTytu1MVi,Didn't Cha Know,Erykah Badu,4,0.5,0.474,False,0.623,False,0.468,False,0.447,True,0.433,False
spotify:track:16vXZD5iWtBGonvoDJSmN3,Baddest Boy (feat. Davido) - Remix,Skiibii,7,0.571,0.474,False,0.683,True,0.484,False,0.404,False,0.441,False
spotify:track:66H06L8hktjhduwRDWntDT,Stand Still,Sabrina Claudio,5,0.6,0.474,False,0.641,False,0.489,False,0.409,False,0.45,False
spotify:track:1BJJbSX6muJVF2AK7uH1x4,Move,Adam Port,6,0.5,0.474,False,0.636,False,0.476,False,0.42,False,0.455,False
spotify:track:5xEDRg4tI8ixoAvbrupsEg,Sweet Home,Don Toliver,4,0.5,0.474,False,0.698,True,0.475,False,0.406,False,0.44,False
spotify:track:6Px7oJcPvMWLhwRHmao0Fe,LUCID DREAMS (feat. Masego),Leon Thomas,6,0.5,0.473,False,0.623,False,0.482,False,0.421,False,0.452,False
spotify:track:2SA9OUfBjt97F67NuAf8yT,DELUSIONAL,DESTIN CONRAD,4,0.5,0.473,False,0.653,True,0.478,False,0.412,False,0.451,False
spotify:track:51ODNNDZm21HU7wI7cccRr,Latch,Disclosure,6,0.5,0.473,False,0.665,True,0.473,False,0.414,False,0.449,False
spotify:track:7q1rfAWSkb8AQpZCgEX3jq,Running on E,Brent Faiyaz,4,0.75,0.473,False,0.622,False,0.477,False,0.434,True,0.439,False
spotify:track:0fgZUSa7D7aVvv3GfO0A1n,Post to Be (feat. Chris Brown & Jhene Aiko),Omarion,5,0.6,0.473,False,0.629,False,0.482,False,0.419,False,0.449,False
spotify:track:2wErarH3yGvuJtbBRc1858,Call Me,Chxrry,3,0.667,0.473,False,0.63,False,0.501,True,0.411,False,0.435,False
spotify:track:6Dwtha2FtZFoMEBh5GR2sq,CRZY,Kehlani,8,0.25,0.473,False,0.652,True,0.496,True,0.393,False,0.456,False
spotify:track:3iq9nhbI8fcnNamxMft1uv,Real Friends,Camila Cabello,7,0.429,0.473,False,0.643,False,0.491,False,0.405,False,0.448,False
spotify:track:1dvqHhLNccePPBHq11TW7v,Fantasy (feat. Don Toliver),Kali Uchis,7,0.429,0.473,False,0.626,False,0.48,False,0.42,False,0.451,False
spotify:track:3lsDcvDpyiVpxZ71zRT7xn,Pink Material,Tory Lanez,4,0.5,0.473,False,0.623,False,0.49,False,0.416,False,0.446,False
spotify:track:3fpTMuD1u3gJlVI4FadVHs,Fancy,Drake,5,0.4,0.473,False,0.684,True,0.482,False,0.403,False,0.438,False
spotify:track:0jq34bzlBreNWsnp8rvlvK,Take You There,H.E.R.,3,0.667,0.473,False,0.659,True,0.491,False,0.402,False,0.443,False
spotify:track:6uFn47ACjqYkc0jADwEdj1,Pop Out (feat. Lil Tjay),Polo G,5,0.4,0.472,False,0.634,False,0.5,True,0.403,False,0.445,False
spotify:track:6GWXXIh4pjL5laiZSATzlx,Love Notes,Olivia B Moore,6,0.333,0.472,False,0.645,False,0.476,False,0.415,False,0.449,False
spotify:track:5ScfOQi0QDEWRMESuwy5of,Velvet Night,Sienna Rose,6,0.5,0.472,False,0.648,False,0.485,False,0.41,False,0.445,False
spotify:track:08Cj2Ri5wTnX2y2mtA5HqJ,WongTong Soup,Tory Lanez,4,0.5,0.472,False,0.623,False,0.488,False,0.416,False,0.446,False
spotify:track:5S2TCmPS3UUrG3ZK7NBa7b,Simmer (feat. Burna Boy),Mahalia,4,0.5,0.472,False,0.65,False,0.481,False,0.411,False,0.446,False
spotify:track:0q75NwOoFiARAVp4EXU4Bs,Love Galore (feat. Travis Scott),SZA,11,0.455,0.472,False,0.631,False,0.489,False,0.409,False,0.449,False
spotify:track:17NLXL91ilTSQWEBRVbBGY,TABOO,Isaiah Falls,5,0.6,0.472,False,0.645,False,0.469,False,0.422,False,0.447,False
spotify:track:5WphWTUIfRe7x8NZss79cY,Let Me Love You,Mario,3,0.667,0.472,False,0.687,True,0.475,False,0.406,False,0.439,False
spotify:track:7G5msnKmV8flQ7IvQJfv9n,i might,Nolais,10,0.5,0.472,False,0.635,False,0.484,False,0.406,False,0.457,False
spotify:track:6oEVnWKgPqIEPc53OYDNqG,Could've Been (feat. Bryson Tiller),H.E.R.,8,0.375,0.472,False,0.634,False,0.477,False,0.421,False,0.444,False
spotify:track:51NFxnQvaosfDDutk0tams,bellyache,Billie Eilish,4,0.75,0.472,False,0.633,False,0.485,False,0.412,False,0.447,False
spotify:track:5HwnezK198pJCEj1l2Adjy,She Loves Control,Camila Cabello,3,0.667,0.472,False,0.643,False,0.483,False,0.407,False,0.451,False
spotify:track:5oO3drDxtziYU2H1X23ZIp,Love On The Brain,Rihanna,7,0.714,0.472,False,0.618,False,0.477,False,0.424,False,0.448,False
spotify:track:4JWsx1jeYFRBdcWj76VyRG,Love n Hate,Odeal,3,0.667,0.472,False,0.639,False,0.486,False,0.403,False,0.456,False
spotify:track:57wp7VFnV8X0pSVnYArGeJ,Whatever She Wants,Bryson Tiller,15,0.333,0.472,False,0.636,False,0.496,True,0.392,False,0.46,False
spotify:track:3HYUSkSJ0iQfocqdJmJqKw,TWENTIES,GIVĒON,4,0.75,0.471,False,0.616,False,0.499,True,0.406,False,0.447,False
spotify:track:2STPNkdhLSQtuWXxtizH6S,PARTY'S OVER,Nobu Woods,3,0.667,0.471,False,0.638,False,0.482,False,0.412,False,0.447,False
spotify:track:3dALymn5Yv4ZJoQtMP0c4G,TOO INVOLVED,Nobu Woods,5,0.4,0.471,False,0.631,False,0.508,True,0.398,False,0.438,False
spotify:track:0XnxrosRIxY1nKFJ7wc5Ut,talk you through it (feat. FLO),kwn,10,0.3,0.471,False,0.615,False,0.495,False,0.41,False,0.448,False
spotify:track:1bz57QyQKQoZyfFnuwXOb9,OpenTil2,Lazā,3,0.667,0.471,False,0.618,False,0.487,False,0.408,False,0.457,False
spotify:track:5nSAEtF5q1xY6IfVYnMfNC,Perdu à Paris,Osas,3,0.667,0.471,False,0.634,False,0.489,False,0.401,False,0.456,False
spotify:track:1DMYEiuAgz1OKvANXiNFrN,Recognize (feat. Drake),PARTYNEXTDOOR,4,0.75,0.471,False,0.641,False,0.482,False,0.412,False,0.444,False
spotify:track:7fkFkn1KHgsW40OkRwRfgI,Real,TENN,3,0.667,0.471,False,0.615,False,0.497,True,0.391,False,0.472,False
spotify:track:7BmI4hAj6dXIQgA77ZlOzm,Buzzin Remix,Mann,7,0.429,0.471,False,0.644,False,0.472,False,0.421,False,0.442,False
spotify:track:4m3rbD0yQrwYYmtXhCJzkw,ny2mia,nephillm,5,0.6,0.471,False,0.639,False,0.478,False,0.412,False,0.449,False
spotify:track:6dlpABcXrQKRU9G00i6Zba,Back To Sleep,Chris Brown,3,0.667,0.471,False,0.627,False,0.485,False,0.413,False,0.447,False
spotify:track:5MQw4sDFeFub72PLbRvsZv,Classy Girl,Turbo,5,0.6,0.471,False,0.644,False,0.482,False,0.405,False,0.452,False
spotify:track:3SifBJbSwGwa5KYQ5RB21T,see through,Amelia Moore,3,0.667,0.471,False,0.617,False,0.506,True,0.404,False,0.438,False
spotify:track:7yNX3ZFBWZoR52pbeU4Mcl,Gold,Kiiara,6,0.5,0.471,False,0.628,False,0.478,False,0.416,False,0.45,False
spotify:track:0MSTxF501TyzjuRTHZz46g,DON'T YOU LIE,Offset,4,0.5,0.471,False,0.674,True,0.463,False,0.411,False,0.449,False
spotify:track:3vd0wM0US4JSCKJi5Q8Bd6,Ozone,Chase Atlantic,3,0.333,0.471,False,0.63,False,0.482,False,0.411,False,0.45,False
spotify:track:5hmv0zcBcIX8OIVG98imHa,Smoothies In 1991,Larry June,5,0.6,0.471,False,0.637,False,0.483,False,0.408,False,0.448,False
spotify:track:4rXLjWdF2ZZpXCVTfWcshS,fukumean,Gunna,4,0.25,0.471,False,0.648,False,0.482,False,0.414,False,0.435,False
spotify:track:1iBWjQ9af9NnUd5xnQDB3k,Charm,Rema,3,0.667,0.471,False,0.622,False,0.507,True,0.395,False,0.447,False
spotify:track:7eDwGZfNckhqkegcVLxnzm,WANT IT BACK - stripped version,S2,5,0.6,0.471,False,0.619,False,0.484,False,0.419,False,0.441,False
spotify:track:64TJKMfx0QxpuR7rTXL05c,Treasure In The Hills,Leon Thomas,6,0.333,0.47,False,0.623,False,0.493,False,0.407,False,0.444,False
spotify:track:5SSZtFWdrmFV4MxtlRA13N,Saiyaara,Tanishk Bagchi,4,0.0,0.47,False,0.652,True,0.474,False,0.413,False,0.443,False
spotify:track:6fACn9e0wdMIWZa9CZJym8,full moon. (fall in tokyo) [bonus track],Brent Faiyaz,4,0.75,0.47,False,0.626,False,0.51,True,0.393,False,0.442,False
spotify:track:3qIQAophwgi9UKMJHZcSpQ,Into the Blue,Sienna Rose,3,0.667,0.47,False,0.643,False,0.477,False,0.411,False,0.448,False
spotify:track:0tNuJpBgtE65diL6Q8Q7fI,On & On,Erykah Badu,7,0.429,0.47,False,0.631,False,0.48,False,0.411,False,0.45,False
spotify:track:55LgZlNjXalYkfgdfiedMi,Sex In Peace (ft. kwn),FLO,3,0.667,0.47,False,0.632,False,0.487,False,0.401,False,0.455,False
spotify:track:1E0acRF3Nnf38iLIKqfj0p,Amsham - അംശം,Aksomaniac,4,0.5,0.47,False,0.623,False,0.465,False,0.409,False,0.476,False
spotify:track:7hRlTK3mgFTBEjX7DjqBsI,Overdrive,Drake,26,0.077,0.47,False,0.661,True,0.492,False,0.387,False,0.452,False
spotify:track:1WFgv04BZTx6gZWQNE6Sp7,Freudian,Daniel Caesar,4,0.25,0.47,False,0.616,False,0.475,False,0.415,False,0.457,False
spotify:track:0O3TAouZE4vL9dM5SyxgvH,Fashion Killa,A$AP Rocky,6,0.5,0.47,False,0.64,False,0.508,True,0.384,False,0.447,False
spotify:track:4DpNNXFMMxQEKl7r0ykkWA,Play Date,Melanie Martinez,3,0.0,0.47,False,0.637,False,0.471,False,0.416,False,0.448,False
spotify:track:41TXadM22OIJY04xSW9iuv,collage,Gunna,3,0.333,0.47,False,0.654,True,0.472,False,0.414,False,0.441,False
spotify:track:4Ls53fBNVfaXTROBi6X8Hw,Just Wanna Rock,Lil Uzi Vert,5,0.6,0.47,False,0.646,False,0.481,False,0.405,False,0.445,False
spotify:track:4bnq2OQUwACkp2vCEbY52g,Forever Ever (feat. Young Thug & Reese LAFLARE),Trippie Redd,18,0.5,0.47,False,0.646,False,0.455,False,0.425,False,0.449,False
spotify:track:6bqnZ5jjdDcNOrXnTQTnPL,TiFFANY (B),IDK,4,0.75,0.469,False,0.62,False,0.477,False,0.421,False,0.442,False
spotify:track:6KS7UKpgsyqPPtDorXiabf,HAVE MY BABIES?,Isaiah Falls,10,0.4,0.469,False,0.634,False,0.483,False,0.404,False,0.451,False
spotify:track:5j34I5WUnKZVHP14J0Mlcb,sweeeet,Amaarae,5,0.4,0.469,False,0.63,False,0.474,False,0.418,False,0.443,False
spotify:track:0aHM1klz6sGAmpjRPXkjMq,Say What (feat. PARTYNEXTDOOR),Trippie Redd,3,0.667,0.469,False,0.669,True,0.479,False,0.395,False,0.449,False
spotify:track:3BtuIIrQlkujKPuWF2B85z,Too Good,Drake,4,0.5,0.469,False,0.683,True,0.473,False,0.4,False,0.441,False
spotify:track:6WKh2qSTswuv8QG60Wu29F,bottom,Gunna,3,0.333,0.469,False,0.65,False,0.477,False,0.409,False,0.441,False
spotify:track:3igAnIGR1ty5QfU9a5lco3,Krish Kapoor,Mithoon,7,0.571,0.469,False,0.621,False,0.472,False,0.419,False,0.449,False
spotify:track:1lcSY9kXL2PG8HYuDlV4KW,INTOXYCATED,Oxlade,6,0.5,0.469,False,0.646,False,0.482,False,0.403,False,0.447,False
spotify:track:0sze9rycXZswg5emYTFklv,Swangin’ On Westheimer,Don Toliver,3,0.333,0.469,False,0.682,True,0.47,False,0.405,False,0.437,False
spotify:track:0cnxJjQ8T4GSz87TaIkwDY,WeWe,Ruger,4,0.5,0.469,False,0.626,False,0.476,False,0.414,False,0.449,False
spotify:track:6LxSe8YmdPxy095Ux6znaQ,Headlines,Drake,26,0.154,0.469,False,0.661,True,0.459,False,0.414,False,0.45,False
spotify:track:15YcOL6ddhowfTU165l46C,blind side,Tyde,3,0.667,0.469,False,0.63,False,0.483,False,0.405,False,0.451,False
spotify:track:7GPstnufSTScEaw9dMxO9H,Childs Play (feat. Chance the Rapper),SZA,23,0.435,0.469,False,0.648,False,0.513,True,0.369,False,0.454,False
spotify:track:06eYospB1uVxwSty0QCdhq,rather never love again,kwn,4,0.25,0.469,False,0.637,False,0.505,True,0.381,False,0.452,False
spotify:track:1hAln1dqmyAOs12pwQxZrd,Teyana - Lost Tapes 2013,Tory Lanez,4,0.5,0.469,False,0.609,False,0.484,False,0.415,False,0.445,False
spotify:track:2pN5GwdTWbFZNRgFIRlW7J,Slow Motion,AMARIA BB,6,0.333,0.469,False,0.633,False,0.479,False,0.416,False,0.437,False
spotify:track:1x9iAQOjMEHWZX7UeqiyWV,Problem,Reekado Banks,8,0.5,0.469,False,0.627,False,0.486,False,0.409,False,0.44,False
spotify:track:736PP5LTtREkDgktNmX3Gu,Superpowers,Daniel Caesar,4,0.25,0.469,False,0.616,False,0.475,False,0.412,False,0.456,False
spotify:track:3GsmYNNiz9GCXgVgphLlyl,Belong to You (feat. 6LACK),Sabrina Claudio,3,0.667,0.468,False,0.631,False,0.479,False,0.409,False,0.447,False
spotify:track:02fXK7PX0rfPmo41fIy8oX,No Patience,MADEINPARRIS,3,0.667,0.468,False,0.636,False,0.498,True,0.389,False,0.449,False
spotify:track:3WjyiSbfR74pjWXQ3IaFKJ,Impatient,Jeremih,3,0.667,0.468,False,0.665,True,0.471,False,0.403,False,0.444,False
spotify:track:01JPQ87UHeGysPVwTqMJHK,She Don't (feat. Ty Dolla $Ign),Ella Mai,3,0.667,0.468,False,0.66,True,0.48,False,0.393,False,0.45,False
spotify:track:3ee8Jmje8o58CHK66QrVC2,SAD!,XXXTENTACION,4,0.75,0.468,False,0.622,False,0.515,True,0.385,False,0.44,False
spotify:track:6rTInqW3YECMkQsBEHw4sd,Solid (feat. Drake),Young Stoner Life,5,0.6,0.468,False,0.642,False,0.477,False,0.405,False,0.446,False
spotify:track:2u9S9JJ6hTZS3Vf22HOZKg,NOKIA,Drake,5,0.2,0.468,False,0.66,True,0.48,False,0.4,False,0.439,False
spotify:track:6Rou1NVIQsY7PbdmS5kA5r,S.L.I.D.E,Tory Lanez,3,0.333,0.468,False,0.618,False,0.486,False,0.411,False,0.439,False
spotify:track:1560osUcXrnov6yuOjXvc1,No Face,Drake,4,0.5,0.468,False,0.667,True,0.475,False,0.399,False,0.442,False
spotify:track:7xHjE0jdQwzGIXBGQLrn8C,ily,sosocamo,3,0.333,0.468,False,0.642,False,0.469,False,0.411,False,0.448,False
spotify:track:5ZtqkkX8XRfgmgxnxedI0C,All That It Takes,Odeal,5,0.4,0.468,False,0.631,False,0.505,True,0.391,False,0.437,False
spotify:track:08zJpaUQVi9FrKv2e32Bah,Planez,Jeremih,3,0.667,0.468,False,0.637,False,0.482,False,0.401,False,0.449,False
spotify:track:5bFtbt0LsDJf3VvRFIrBW4,Separated,JayDon,6,0.167,0.468,False,0.618,False,0.482,False,0.416,False,0.437,False
spotify:track:5fEB6ZmVkg63GZg9qO86jh,Break from Toronto,PARTYNEXTDOOR,10,0.4,0.468,False,0.614,False,0.48,False,0.419,False,0.437,False
spotify:track:4RnvS1tmh1ERhjXX6dxv95,Language,Paperboy Fabe,6,0.5,0.468,False,0.628,False,0.484,False,0.404,False,0.445,False
spotify:track:23CKxEwKWsLs6LD5poGOLM,Over,Lucky Daye,8,0.25,0.468,False,0.64,False,0.475,False,0.412,False,0.438,False
spotify:track:6D1Pr14PtFHoj6gBEoOfQP,GOT DAMN,Gunna,4,0.25,0.467,False,0.647,False,0.47,False,0.411,False,0.441,False
spotify:track:04GLL6JKODDRtfmK4uEVlk,LINK UP,Avenoir,7,0.286,0.467,False,0.647,False,0.467,False,0.421,False,0.429,False
spotify:track:65UnDT5azHuJmnjNspvxb7,drunk & faded. - sped up,Flyy Armani,3,0.333,0.467,False,0.625,False,0.482,False,0.406,False,0.445,False
spotify:track:3siwsiaEoU4Kuuc9WKMUy5,No One Noticed,The Marías,6,0.333,0.467,False,0.616,False,0.479,False,0.415,False,0.44,False
spotify:track:6mapJIPnQ23RTAevUoE0DL,Swang,Rae Sremmurd,3,0.667,0.467,False,0.625,False,0.473,False,0.411,False,0.449,False
spotify:track:1k51Q6GFWBbsaWlBB2gnzo,Gimme Dat (feat. Wizkid),Ayra Starr,3,0.667,0.467,False,0.629,False,0.473,False,0.409,False,0.449,False
spotify:track:7rEUuRanwV9piOwwPKxPIM,south to west,Gunna,3,0.333,0.467,False,0.646,False,0.47,False,0.412,False,0.438,False
spotify:track:6GGmABM6AMwMzEhK7szqJT,Pink Dolphin Sunset (feat. Tee),Tory Lanez,4,0.5,0.466,False,0.629,False,0.489,False,0.399,False,0.443,False
spotify:track:56innU0z9irTs1uEVbbrBA,Fuera del Planeta - Remix,Eloy,5,0.4,0.466,False,0.628,False,0.476,False,0.411,False,0.44,False
spotify:track:1p3RpKfSJQcVTEwrQWr8q7,SLIDE,Chase Atlantic,3,0.333,0.466,False,0.622,False,0.475,False,0.408,False,0.448,False
spotify:track:1dxy88oPzmIN9QAyCNfXmW,Gut Feeling (feat. H.E.R.),Ella Mai,4,0.75,0.466,False,0.661,True,0.476,False,0.398,False,0.439,False
spotify:track:775a936b2Vzl3fw86FaVat,OMW,PARTYNEXTDOOR,3,0.667,0.466,False,0.634,False,0.477,False,0.406,False,0.44,False
spotify:track:5E30LdtzQTGqRvNd7l6kG5,Daddy Issues,The Neighbourhood,3,0.333,0.466,False,0.619,False,0.474,False,0.409,False,0.449,False
spotify:track:1NpHJ96ljWvqdbjlyc9GtT,FWU,Don Toliver,4,0.5,0.466,False,0.677,True,0.465,False,0.398,False,0.443,False
spotify:track:0qJWmTaT1qvCq0brgx8k2P,Nobody's Business,Rihanna,8,0.625,0.466,False,0.617,False,0.484,False,0.399,False,0.452,False
spotify:track:49gRYU6hBWgSH2JVixGkJq,Into You,Ariana Grande,3,0.333,0.466,False,0.614,False,0.467,False,0.419,False,0.446,False
spotify:track:5BrTUo0xP1wKXLJWUaGFtk,Loyal (feat. Lil Wayne & Tyga),Chris Brown,4,0.5,0.466,False,0.614,False,0.467,False,0.427,False,0.434,False
spotify:track:5IgjP7X4th6nMNDh4akUHb,Under The Influence,Chris Brown,5,0.4,0.466,False,0.623,False,0.478,False,0.41,False,0.439,False
spotify:track:1a4F4Gb0jQ4QsAYv4nMBoD,For Days,melvitto,32,0.375,0.465,False,0.61,False,0.497,True,0.408,False,0.425,False
spotify:track:0Hxa8rxKGhFzsyZpqZVSmQ,tongue,Bella Kay,6,0.5,0.465,False,0.635,False,0.515,True,0.379,False,0.43,False
spotify:track:2wXioTynVwrEWYRv6R6vEj,Void,The Neighbourhood,3,0.333,0.465,False,0.631,False,0.467,False,0.408,False,0.449,False
spotify:track:2MJlhN2OockKCadeGS4AEP,Shameless,Avenoir,8,0.5,0.465,False,0.631,False,0.477,False,0.397,False,0.453,False
spotify:track:0SbOpoBzBBCqWIcvo94JeD,Naked - Bonus Track,Ella Mai,4,0.5,0.465,False,0.643,False,0.471,False,0.401,False,0.446,False
spotify:track:6q8onrzcka32nGVrnWYGBQ,Lovers,Anna of the North,7,0.429,0.465,False,0.616,False,0.471,False,0.401,False,0.464,False
spotify:track:6XZFPFanJb6RKGvuAAv3g8,Constellations,Jade LeMac,3,0.667,0.465,False,0.615,False,0.485,False,0.406,False,0.438,False
spotify:track:2w82JyPaIey14wPUg2E9Fe,SHE BE - Sped Up,Mack H.D,6,0.333,0.465,False,0.629,False,0.468,False,0.4,False,0.461,False
spotify:track:4fICDFhuriWVXv8cuWnDtI,Led Me On,Jay Safari,3,0.0,0.465,False,0.621,False,0.48,False,0.4,False,0.45,False
spotify:track:4lUsBLTAiufWocWtg4H0my,J.,Ivan Cornejo,3,0.667,0.465,False,0.627,False,0.47,False,0.409,False,0.445,False
spotify:track:7BiELrM90hRxpozaIXbsLw,Sex With Me,Rihanna,6,0.667,0.465,False,0.618,False,0.479,False,0.391,False,0.465,False
spotify:track:393OFJFZKIIv66JmJcNm9D,National Treasures,Drake,3,0.333,0.465,False,0.675,True,0.467,False,0.397,False,0.437,False
spotify:track:5TUZhrb8UaaA76NhzZax2Z,Lost in Translation,The Neighbourhood,4,0.25,0.465,False,0.617,False,0.464,False,0.417,False,0.445,False
spotify:track:4kV4N9D1iKVxx1KLvtTpjS,"break up with your girlfriend, i'm bored",Ariana Grande,3,0.333,0.464,False,0.614,False,0.459,False,0.419,False,0.451,False
spotify:track:7seTcUFOhn5caSDbiSfsp0,She Knows,Ne-Yo,11,0.455,0.464,False,0.619,False,0.467,False,0.411,False,0.449,False
spotify:track:6ocbgoVGwYJhOv1GgI9NsF,7 rings,Ariana Grande,3,0.333,0.464,False,0.614,False,0.463,False,0.418,False,0.445,False
spotify:track:3cLCA9LSb6UiOeNvTZoaav,Plot Twist,Drake,3,0.333,0.464,False,0.675,True,0.467,False,0.397,False,0.436,False
spotify:track:35mvY5S1H3J2QZyna3TFe0,positions,Ariana Grande,4,0.25,0.464,False,0.603,False,0.461,False,0.42,False,0.451,False
spotify:track:6WkVbo4Qkujo7UPHJOmOWY,Superpowers,Daniel Caesar,3,0.333,0.464,False,0.615,False,0.472,False,0.402,False,0.456,False
spotify:track:28JBD8p18xNuOfyV7Cotdn,Massive,Drake,15,0.133,0.464,False,0.652,True,0.453,False,0.409,False,0.449,False
spotify:track:3xqWiKFFYF9Pv7H1nNoZFd,Loose,Daniel Caesar,3,0.333,0.464,False,0.615,False,0.472,False,0.403,False,0.455,False
spotify:track:5c3luoCub1Z1Gg74NdNtuq,Belong to the City,PARTYNEXTDOOR,7,0.429,0.464,False,0.612,False,0.469,False,0.419,False,0.437,False
spotify:track:4jTiyLlOJVJj3mCr7yfPQD,This Could Be Us,Rae Sremmurd,5,0.4,0.464,False,0.625,False,0.474,False,0.408,False,0.438,False
spotify:track:6Umac95Mt46VcwAM9s9mOa,To the Moon,Phora,3,0.667,0.464,False,0.632,False,0.48,False,0.399,False,0.44,False
spotify:track:514joG57v4yKTsfQmz7stz,Janice STFU,Drake,3,0.333,0.464,False,0.675,True,0.465,False,0.397,False,0.436,False
spotify:track:0uxSUdBrJy9Un0EYoBowng,20 Min,Lil Uzi Vert,7,0.429,0.464,False,0.639,False,0.476,False,0.402,False,0.436,False
spotify:track:3XVBdLihbNbxUwZosxcGuJ,If I Ain't Got You,Alicia Keys,4,0.75,0.464,False,0.617,False,0.473,False,0.404,False,0.448,False
spotify:track:31bsuKDOzFGzBAoXxtnAJm,I Guess It’s Fuck Me,Drake,3,0.333,0.464,False,0.672,True,0.467,False,0.396,False,0.436,False
spotify:track:7IL8PSVwLOJxqYne6azxQv,Pretty Boy,The Neighbourhood,4,0.25,0.464,False,0.608,False,0.464,False,0.418,False,0.445,False
spotify:track:46s57QULU02Voy0Kup6UEb,Major Distribution,Drake,3,0.333,0.463,False,0.672,True,0.467,False,0.396,False,0.436,False
spotify:track:69uxyAqqPIsUyTO8txoP2M,Adventure of a Lifetime,Coldplay,3,0.667,0.463,False,0.619,False,0.473,False,0.406,False,0.443,False
spotify:track:7D0RhFcb3CrfPuTJ0obrod,Sparks,Coldplay,3,0.667,0.463,False,0.618,False,0.473,False,0.406,False,0.444,False
spotify:track:6QKpHmO41jkd9pTp0FfmHs,UNETHICAL,Faouzia,3,0.667,0.463,False,0.624,False,0.471,False,0.4,False,0.452,False
spotify:track:6wWaVoUOzLQJHd3bWAUpdZ,"Never Recover (Lil Baby & Gunna, Drake)",Lil Baby,5,0.4,0.463,False,0.63,False,0.474,False,0.396,False,0.449,False
spotify:track:76VtA90NKurNqaQpV126Ue,Pour It Up,Rihanna,7,0.714,0.463,False,0.618,False,0.481,False,0.396,False,0.448,False
spotify:track:4hL76qNlq1v1kje7RpQGXT,Lotus Inn,Why Don't We,3,0.333,0.463,False,0.616,False,0.493,False,0.399,False,0.429,False
spotify:track:0fonaf88IEDQM309zmU80L,Be My Baby,Ariana Grande,4,0.25,0.463,False,0.615,False,0.461,False,0.411,False,0.453,False
spotify:track:6qL5UWxRSQYml9O99ozoLv,Love Songs - Bonus,Kaash Paige,3,0.667,0.463,False,0.625,False,0.472,False,0.391,False,0.462,False
spotify:track:4RE1THbeFBIQz7PD9JP4gT,FYN GEH,Naka,3,0.667,0.463,False,0.615,False,0.473,False,0.405,False,0.444,False
spotify:track:5rHjfySut4ZQejuJIUrsZz,ONE LAST TIME,Devkota,3,0.667,0.463,False,0.637,False,0.478,False,0.389,False,0.449,False
spotify:track:4NgAgXToteTMc8ss33tG1y,still mine,Velous,3,0.667,0.463,False,0.627,False,0.469,False,0.399,False,0.452,False
spotify:track:6qvtoU0gbkaOcTx6mnVDgV,Still Your Best,GIVĒON,4,0.75,0.463,False,0.617,False,0.468,False,0.407,False,0.447,False
spotify:track:2V65y3PX4DkRhy1djlxd9p,Don't You Worry Child - Radio Edit,Swedish House Mafia,3,0.667,0.463,False,0.616,False,0.472,False,0.405,False,0.446,False
spotify:track:0fgosF2PWrYbyy9e7BclKz,"III. Telegraph Ave. (""Oakland"" by Lloyd)",Childish Gambino,8,0.5,0.463,False,0.647,False,0.482,False,0.382,False,0.448,False
spotify:track:0wrEpbtamvQTLIjDFkVQSl,Everything Is Yours,Kehlani,3,0.333,0.462,False,0.638,False,0.475,False,0.391,False,0.448,False
spotify:track:5vPUv0xziXbV4lnWeVNXNq,Roommates,Malcolm Todd,4,0.75,0.462,False,0.617,False,0.47,False,0.407,False,0.443,False
spotify:track:67T6l4q3zVjC5nZZPXByU8,Whatcha Say,Jason Derulo,7,0.571,0.462,False,0.635,False,0.482,False,0.391,False,0.441,False
spotify:track:4nva9EpKntUTs6CRSGBCn9,Just A Lil Bit,50 Cent,111,0.0,0.462,False,0.709,True,0.394,False,0.469,True,0.395,False
spotify:track:5XqDJFVCyRTm5J7cIfRmR1,Not Another Love Song,Ella Mai,4,0.5,0.462,False,0.653,True,0.47,False,0.391,False,0.444,False
spotify:track:06vL5qZBObdfhVe3U0lXe5,Fill My Cup,Eli Sostre,3,0.667,0.462,False,0.617,False,0.47,False,0.405,False,0.446,False
spotify:track:14gkWVFMwdxBMyqBw1wmIg,safety net (feat. Ty Dolla $ign),Ariana Grande,3,0.333,0.462,False,0.614,False,0.463,False,0.408,False,0.451,False
spotify:track:3O8NlPh2LByMU9lSRSHedm,Controlla,Drake,8,0.125,0.462,False,0.644,False,0.474,False,0.393,False,0.44,False
spotify:track:3zEN0ii6s4DHHBpnTp3RP7,We Are The People,Empire Of The Sun,3,0.667,0.462,False,0.62,False,0.475,False,0.404,False,0.437,False
spotify:track:6M1ZaWfrHomtvgUZfk9klo,And Me With My God,ToppDogg,3,0.667,0.462,False,0.617,False,0.47,False,0.404,False,0.446,False
spotify:track:2DsVf2vHUbBOnKjdof12nV,Halfway Honest,Zai Madden,3,0.667,0.462,False,0.617,False,0.47,False,0.404,False,0.446,False
spotify:track:4rA4FKPfJfKLm4ZLqehylM,Back to You,Tyree Lake,3,0.667,0.462,False,0.617,False,0.47,False,0.404,False,0.446,False
spotify:track:4sRSCW0Vhy4tnFdy6ffeOD,What Happened To Us,Emo Designer,3,0.667,0.462,False,0.617,False,0.47,False,0.404,False,0.446,False
spotify:track:0qOHxGqS0Ya3RNct2CbQvH,Moscato (Remix),ARSN,3,0.667,0.462,False,0.617,False,0.47,False,0.404,False,0.446,False
spotify:track:7l8kLFoBtu8ffEtCz2bceg,Unlove You,Dre Knoxx,3,0.667,0.462,False,0.617,False,0.47,False,0.404,False,0.446,False
spotify:track:6stmHwlMLQbE8Z2N831ri6,Don't Stop,GoGo Morrow,3,0.667,0.462,False,0.616,False,0.47,False,0.404,False,0.446,False
spotify:track:41Jjz06aEUQdJP9m8DMpvu,Wrong Bitch,THANKYOUMARTINO,3,0.667,0.462,False,0.617,False,0.471,False,0.403,False,0.446,False
spotify:track:08qYaAl695RkjJAu1hry9Z,Streets Ain't For Me,Tink,3,0.333,0.462,False,0.616,False,0.472,False,0.401,False,0.448,False
spotify:track:31Oh4pwZWjBTuRmzNtxj10,Is It a Crime,Mariah the Scientist,16,0.438,0.462,False,0.62,False,0.459,False,0.409,False,0.449,False
spotify:track:5NQbUaeTEOGdD6hHcre0dZ,679 (feat. Remy Boyz),Fetty Wap,9,0.444,0.462,False,0.646,False,0.476,False,0.385,False,0.447,False
spotify:track:2axiRrUWmlFUKmPzDsjjzg,Let Go,Aaron May,6,0.333,0.462,False,0.629,False,0.517,True,0.359,False,0.443,False
spotify:track:57kR5SniQIbsbVoIjjOUDa,You Know You Like It,DJ Snake,7,0.286,0.462,False,0.612,False,0.467,False,0.412,False,0.439,False
spotify:track:4DfCzjuGvK8xq6g6e1EpoE,Slow Down,Leon Thomas,6,0.333,0.462,False,0.604,False,0.468,False,0.411,False,0.444,False
spotify:track:7waxDHt0fjr4kM0aTo6diR,planz,Blxckie,3,0.667,0.461,False,0.616,False,0.47,False,0.403,False,0.446,False
spotify:track:4J4yA7A68PmgSbjAn425eY,Open (Passionate),Kehlani,3,0.333,0.461,False,0.612,False,0.467,False,0.409,False,0.442,False
spotify:track:1WwrfoGe0K33z1tVI6mevJ,VIBES DON'T LIE,Leon Thomas,6,0.333,0.461,False,0.618,False,0.474,False,0.4,False,0.442,False
spotify:track:2ZL7WZcjuYKi1KUDtp4kCC,Spin Bout U,Drake,5,0.2,0.461,False,0.669,True,0.471,False,0.39,False,0.431,False
spotify:track:3b4hKJhiHaRrHnfFAnvOzd,girls in the club.,Flyy Armani,3,0.333,0.461,False,0.62,False,0.473,False,0.396,False,0.448,False
spotify:track:50x1Ic8CaXkYNvjmxe3WXy,Those Eyes,New West,3,0.667,0.461,False,0.617,False,0.471,False,0.404,False,0.442,False
spotify:track:19Dhj2zNpcTX2mBYrxlkax,TMW,Avenoir,6,0.5,0.461,False,0.63,False,0.47,False,0.403,False,0.435,False
spotify:track:6n3HGiq4v35D6eFOSwqYuo,Teenage Fever,Drake,25,0.08,0.461,False,0.663,True,0.486,False,0.367,False,0.449,False
spotify:track:2Tw463vi8DMqkr2EiLYfZM,Never Let Me Down Again,Jessie Mazin,7,0.143,0.461,False,0.613,False,0.464,False,0.412,False,0.44,False
spotify:track:19XPgXiQLWHmO0WDfmJ78B,u belong to me.,Flyy Armani,4,0.5,0.461,False,0.616,False,0.469,False,0.4,False,0.448,False
spotify:track:2kX5Bl9fIPygbQvZ4jNVEb,Mind and Body,Ayelle,3,0.667,0.461,False,0.612,False,0.469,False,0.404,False,0.446,False
spotify:track:6A18pcBX8QZGwI8EkR7aIP,Siren sounds (bonus),Tate McRae,5,0.4,0.461,False,0.615,False,0.471,False,0.403,False,0.442,False
spotify:track:6ARYP4KyGydosXyxtzlDdc,Waiting For You (feat. Naomi Sharon),Majid Jordan,5,0.4,0.461,False,0.618,False,0.476,False,0.397,False,0.443,False
spotify:track:7EIJilXEkWf5EE6d0qinNw,Feeling For You,Reefer Tym,5,0.4,0.461,False,0.615,False,0.466,False,0.41,False,0.437,False
spotify:track:4aa8abhrII2D2REphtZlaq,Turn It Off,Why Don't We,4,0.5,0.46,False,0.629,False,0.477,False,0.39,False,0.443,False
spotify:track:2tdDlP8w9wFp7m41KimBf1,Right Now,PARTYNEXTDOOR,5,0.4,0.46,False,0.611,False,0.469,False,0.408,False,0.437,False
spotify:track:4jyyma8YdFC4S4llusSFRu,butterflies.,Brent Faiyaz,7,0.429,0.46,False,0.616,False,0.47,False,0.406,False,0.436,False
spotify:track:2dOWkdPfiT9SU2Wm734Rh6,"Kabhi Jo Baadal Barse (From ""Jackpot)",Arijit Singh,3,0.667,0.46,False,0.62,False,0.474,False,0.395,False,0.444,False
spotify:track:2yMdEGOICut7TC8VrMU1TA,Silaha,Ukweli,6,0.333,0.46,False,0.623,False,0.517,True,0.358,False,0.441,False
spotify:track:2dH3aeS13ErrWl4GkUqetJ,LUNA,JLLY,4,0.5,0.46,False,0.632,False,0.476,False,0.384,False,0.449,False
spotify:track:60ynsPSSKe6O3sfwRnIBRf,Streets,Doja Cat,6,0.5,0.46,False,0.626,False,0.463,False,0.394,False,0.456,False
spotify:track:63zmygdnXKyc0wHJZ4Hhfb,What U Mean,Ayzon,3,0.667,0.46,False,0.617,False,0.471,False,0.397,False,0.446,False
spotify:track:5kKbZlBaTw5q6Bt3UtdIeq,The problem isn't that I can't forget,SONAMOO,3,0.667,0.46,False,0.617,False,0.471,False,0.397,False,0.446,False
spotify:track:3Vd4fHzwS6pBS3muymjiDi,Let Alone The One You Love,Olivia Dean,5,0.6,0.46,False,0.619,False,0.466,False,0.4,False,0.447,False
spotify:track:35gu7pEQ2gOLUvskspCD3Y,Bachelor,Turbo,5,0.4,0.46,False,0.635,False,0.474,False,0.386,False,0.447,False
spotify:track:2487dSsY2qY7OZxbhSdqDp,STOP,Bella Kay,6,0.5,0.46,False,0.637,False,0.489,False,0.379,False,0.436,False
spotify:track:45XhKYRRkyeqoW3teSOkCM,Wild Thoughts (feat. Rihanna & Bryson Tiller),DJ Khaled,18,0.5,0.459,False,0.63,False,0.461,False,0.403,False,0.44,False
spotify:track:2KnuaZYoGzDoHiBTNYOTXG,Billie Bossa Nova,Billie Eilish,3,0.667,0.459,False,0.606,False,0.466,False,0.405,False,0.445,False
spotify:track:7kBpCEmqLrRFQ4OGXn4rT3,Dont You Know,Runway Richy,5,0.4,0.459,False,0.619,False,0.479,False,0.387,False,0.447,False
spotify:track:1yeB8MUNeLo9Ek1UEpsyz6,Rich Baby Daddy (feat. Sexyy Red & SZA),Drake,8,0.125,0.459,False,0.65,False,0.46,False,0.393,False,0.444,False
spotify:track:3Tc57t9l2O8FwQZtQOvPXK,my strange addiction,Billie Eilish,3,0.667,0.459,False,0.6,False,0.468,False,0.405,False,0.445,False
spotify:track:6ieWL5CLN9WdC875guWtMe,Lady Of Namek,Tory Lanez,4,0.25,0.459,False,0.598,False,0.48,False,0.401,False,0.437,False
spotify:track:21oJ1K99GBJrE2GVQGVjA0,Frozen,Sabrina Claudio,7,0.286,0.459,False,0.619,False,0.477,False,0.397,False,0.433,False
spotify:track:1pacwLXyRO47ka0v6LTIiY,Raindrops (Insane) [with Travis Scott],Metro Boomin,4,0.5,0.459,False,0.633,False,0.467,False,0.386,False,0.453,False
spotify:track:69exWHjqC0dS96iS1N4KBV,N.A.M.E.,Tory Lanez,4,0.25,0.459,False,0.593,False,0.478,False,0.401,False,0.44,False
spotify:track:6lbhWl34Il0WXm5pX1fM9E,Up Down (Do This All Day) (feat. B.o.B),T-Pain,4,0.5,0.459,False,0.603,False,0.498,True,0.381,False,0.438,False
spotify:track:6k8uthjEbttfWXcGaNTQGD,(When You Gonna) Give It Up to Me (feat. Keyshia Cole) - Radio Version,Sean Paul,4,0.5,0.459,False,0.62,False,0.462,False,0.402,False,0.443,False
spotify:track:578Eooad7oUyn4stovZiPg,Good For You,Selena Gomez,7,0.286,0.459,False,0.64,False,0.466,False,0.39,False,0.444,False
spotify:track:7ssEhls1ZYEGtBsoovkMSe,Level Up,Ciara,3,0.667,0.459,False,0.617,False,0.471,False,0.394,False,0.446,False
spotify:track:6gU9OKjOE7ghfEd55oRO57,The Weekend,SZA,6,0.333,0.459,False,0.608,False,0.472,False,0.4,False,0.439,False
spotify:track:4XvynsgJosJbUyxKmqiCKf,BLAME,Samuel Petra,11,0.364,0.458,False,0.601,False,0.464,False,0.405,False,0.447,False
spotify:track:0VGYYc2lAWoHipCLPV9xKq,FWM (Sped Up),alan vuong,6,0.5,0.458,False,0.619,False,0.461,False,0.4,False,0.446,False
spotify:track:577YBGuskWkVDCxZrLRB4v,Pure Cocaine,Lil Baby,4,0.25,0.458,False,0.609,False,0.449,False,0.403,False,0.463,False
spotify:track:6WH9AlBNORcBiQywNCIblE,four seasons.,Brent Faiyaz,3,0.667,0.458,False,0.615,False,0.471,False,0.398,False,0.438,False
spotify:track:4gh0ZnHzaTMT1sDga7Ek0N,sdp interlude,Travis Scott,8,0.5,0.458,False,0.632,False,0.469,False,0.394,False,0.436,False
spotify:track:4qDpLaFGf5ampf2DXD2TMA,Where You Are,John Summit,4,0.5,0.458,False,0.619,False,0.472,False,0.4,False,0.43,False
spotify:track:6pDt1F76BKy3ywWg4t8wee,Tiramisu,Don Toliver,4,0.25,0.458,False,0.653,True,0.465,False,0.394,False,0.429,False
spotify:track:0dFdGPVLs3k0z9ezYWZzUa,Intimidated (feat. H.E.R.),KAYTRANADA,8,0.5,0.458,False,0.612,False,0.457,False,0.409,False,0.441,False
spotify:track:6txAWGckgEGJIhLjhNdtE9,Residuals,Chris Brown,4,0.5,0.458,False,0.614,False,0.473,False,0.398,False,0.434,False
spotify:track:2f7NXiO2Uyffl4Pp2AArRI,444,Lithe,3,0.667,0.458,False,0.63,False,0.47,False,0.392,False,0.436,False
spotify:track:0enY45J98M1RzRd01DaQDP,Bet,Pimmie,17,0.235,0.458,False,0.616,False,0.465,False,0.4,False,0.439,False
spotify:track:0inNzeehKp63mKOqEMSHL3,Boring,Chxrry,3,0.333,0.458,False,0.622,False,0.482,False,0.376,False,0.451,False
spotify:track:1Is8hGpkGMiePASAxBluxM,16,Baby Keem,4,0.75,0.458,False,0.618,False,0.461,False,0.401,False,0.441,False
spotify:track:5IMpnpD0tQVcqWlVIgtAtV,iloveitiloveitiloveit,Bella Kay,9,0.556,0.457,False,0.628,False,0.46,False,0.396,False,0.444,False
spotify:track:3Q4gttWQ6hxqWOa3tHoTNi,Not You Too (feat. Chris Brown),Drake,3,0.333,0.457,False,0.649,False,0.461,False,0.392,False,0.436,False
spotify:track:3DjMtj3Q1gUm1wIVnVekPC,What You Saying,Lil Uzi Vert,10,0.3,0.457,False,0.628,False,0.478,False,0.389,False,0.431,False
spotify:track:62YAKv9ak7mxrNRdhe7Pe9,Skin,Rihanna,104,0.087,0.457,False,0.618,False,0.486,False,0.395,False,0.417,False
spotify:track:7y3xU9vEC1s8DSuuoSYKih,Been Like This,Doja Cat,20,0.35,0.457,False,0.568,False,0.477,False,0.407,False,0.438,False
spotify:track:6z9FEwAodaaP237VvgZ8QL,Not Used To It,Kehlani,4,0.25,0.457,False,0.635,False,0.471,False,0.382,False,0.444,False
spotify:track:1sNYvKAc4xMIb7FURYo04r,Clothes Off (feat. kwn),Kehlani,3,0.0,0.457,False,0.614,False,0.472,False,0.394,False,0.437,False
spotify:track:1i36kkhmhBxf4lYJscg5zK,Fantasy,Bazzi,3,0.667,0.457,False,0.615,False,0.469,False,0.381,False,0.46,False
spotify:track:3OzCF9i6Ey7EkkAYJztmKp,Bad At Love,Halsey,6,0.5,0.457,False,0.627,False,0.461,False,0.396,False,0.441,False
spotify:track:46hCp9H5J3bgKI0crlTnwI,not a romantic,Karri,3,0.333,0.457,False,0.636,False,0.483,False,0.375,False,0.439,False
spotify:track:0hquQWY3xvYqN4qtiquniF,Vegas (From the Original Motion Picture Soundtrack ELVIS),Doja Cat,8,0.375,0.457,False,0.614,False,0.473,False,0.382,False,0.454,False
spotify:track:7v6Qfbr1oFbstzCjDUY0Su,FAVORITE,Nobu Woods,4,0.5,0.457,False,0.625,False,0.462,False,0.397,False,0.439,False
spotify:track:5A7zEfzqX9qwjoe7k6r8pm,ONE LAST TIME,Devkota,5,0.2,0.457,False,0.62,False,0.47,False,0.397,False,0.431,False
spotify:track:7JXZq0JgG2zTrSOAgY8VMC,Jungle,Drake,3,0.333,0.456,False,0.649,False,0.461,False,0.392,False,0.432,False
spotify:track:7LoyqdrF51XVflrSKFHH1a,greedy acoustic,Tate McRae,5,0.2,0.456,False,0.611,False,0.474,False,0.395,False,0.433,False
spotify:track:4rzfXpou7FRHP1kIAerMCH,Too Much,Avenoir,3,0.667,0.456,False,0.628,False,0.457,False,0.397,False,0.441,False
spotify:track:5XROIRXwfs9NOHPgw3QSMw,Karreuche,Tory Lanez,5,0.2,0.456,False,0.612,False,0.482,False,0.389,False,0.43,False
spotify:track:0Xs0mRmlrmCfivQ3O5PSJC,the occasion,Nolais,4,0.5,0.456,False,0.615,False,0.462,False,0.394,False,0.445,False
spotify:track:2JZtR5V31Q5xJQQCJRICE2,Did We Ever Happen? /Fatal Attraction,PAGEFOURR,3,0.667,0.456,False,0.607,False,0.457,False,0.404,False,0.443,False
spotify:track:1eCFz60zd7mAXgWLapPd9B,Currents,Drake,4,0.25,0.456,False,0.651,True,0.462,False,0.388,False,0.433,False
spotify:track:1MTXYvJ9TSqg9x6WPCDx2n,3AM on Glenwood,21 Savage,4,0.5,0.456,False,0.62,False,0.468,False,0.392,False,0.438,False
spotify:track:1a5glQzge8OW5w2izckOGN,No Dey Form,Babyboy AV,3,0.667,0.456,False,0.603,False,0.468,False,0.395,False,0.443,False
spotify:track:4kDZgjD48G56yUInyps4OA,war to be over,kwn,4,0.25,0.456,False,0.593,False,0.478,False,0.396,False,0.434,False
spotify:track:17B9XlyyYDKkTmPay4z02V,Baianá,Bakermat,3,0.667,0.456,False,0.626,False,0.464,False,0.391,False,0.441,False
spotify:track:0niLfdcpX7413IewnvlZw8,Brain,Mariah the Scientist,3,0.667,0.456,False,0.615,False,0.463,False,0.381,False,0.463,False
spotify:track:7pf5k31y9HNLsp1dKr4dFt,Frequency,Olivia B Moore,4,0.25,0.456,False,0.627,False,0.459,False,0.391,False,0.445,False
spotify:track:5cF0dROlMOK5uNZtivgu50,Attention,Charlie Puth,3,0.667,0.455,False,0.622,False,0.463,False,0.392,False,0.441,False
spotify:track:0NkkbKSzQ50mAoSUbQpgLw,Me and Your Mama,Childish Gambino,5,0.6,0.455,False,0.635,False,0.476,False,0.377,False,0.438,False
spotify:track:0QgwjxR1VchizzckKXwyBu,POP DAT THANG,DaBaby,17,0.176,0.455,False,0.652,True,0.478,False,0.364,False,0.444,False
spotify:track:2I88NEWpKrAPZuapXNV5G6,Belong to You (feat. 6LACK),Sabrina Claudio,4,0.5,0.455,False,0.619,False,0.468,False,0.388,False,0.441,False
spotify:track:68Dni7IE4VyPkTOH9mRWHr,No Role Modelz,J. Cole,9,0.444,0.455,False,0.63,False,0.472,False,0.381,False,0.441,False
spotify:track:3ESSGgWzRf1xvP7G5hHMhB,Again,Fetty Wap,6,0.5,0.455,False,0.613,False,0.473,False,0.382,False,0.446,False
spotify:track:70kdJnm1X6eEM8DbWa8Mnc,YOU'RE THE ONE,KAYTRANADA,3,0.667,0.455,False,0.628,False,0.463,False,0.385,False,0.445,False
spotify:track:3HBZIY3FVzXu6YjhExNqWe,Vixen,Miguel,4,0.5,0.455,False,0.615,False,0.453,False,0.399,False,0.446,False
spotify:track:30nn36X7wfesAGAkvGero4,Soh-Soh,Odeal,5,0.2,0.455,False,0.622,False,0.446,False,0.405,False,0.441,False
spotify:track:0UXC93QrbB1by2v4Fa6ILS,PHAT,DaBaby,7,0.429,0.455,False,0.628,False,0.453,False,0.395,False,0.441,False
spotify:track:7fBv7CLKzipRk6EC6TWHOB,The Hills,The Weeknd,8,0.375,0.454,False,0.612,False,0.474,False,0.386,False,0.437,False
spotify:track:4RoKNqyZ9622tcAeNPNv5k,City Boys,Burna Boy,6,0.333,0.454,False,0.631,False,0.471,False,0.389,False,0.425,False
spotify:track:4cRBqWBjuccCowYVHFlXK6,Redemption,Drake,6,0.167,0.454,False,0.643,False,0.467,False,0.381,False,0.435,False
spotify:track:12VH4g5pTMZmrUVzfJq7F7,M a k e I t T o T h e M o r n i n g,PARTYNEXTDOOR,4,0.5,0.454,False,0.602,False,0.46,False,0.404,False,0.434,False
spotify:track:6eLQXa6uk2EW8drsiKbABZ,TU SANCHO,Fuerza Regida,3,0.333,0.454,False,0.62,False,0.453,False,0.4,False,0.438,False
spotify:track:5WoaF1B5XIEnWfmb5NZikf,Sky Walker (feat. Travis Scott),Miguel,5,0.0,0.454,False,0.624,False,0.462,False,0.395,False,0.431,False
spotify:track:7ngRS53kqxLcEt9Pythc5d,You Don't Own Me,Lesley Gore,4,0.5,0.454,False,0.669,True,0.459,False,0.374,False,0.439,False
spotify:track:3wHxnEkwClALnNaYy7ir7G,FINAL,melvitto,3,0.333,0.454,False,0.621,False,0.462,False,0.391,False,0.438,False
spotify:track:3ogHl7Cpvm86dyq8wtSLfM,Baddest Boy (US Remix),Skiibii,3,0.333,0.454,False,0.642,False,0.471,False,0.373,False,0.44,False
spotify:track:4b4c0oH7PtrPsI86drzgFs,Chasing The Sun,The Wanted,3,0.667,0.454,False,0.607,False,0.468,False,0.39,False,0.44,False
spotify:track:5TQPUR6Mkc7hhCC00hwMav,1 for you. (spring in new york) [bonus track],Brent Faiyaz,3,0.667,0.454,False,0.613,False,0.459,False,0.398,False,0.434,False
spotify:track:6oOCGD2Sp9UTcDsuDz8Hdu,understand,OMAH LAY,4,0.5,0.454,False,0.622,False,0.461,False,0.392,False,0.435,False
spotify:track:5uBDNkLo3xSqhZtRBGbpzX,Addiction - Main,Ryan Leslie,4,0.5,0.453,False,0.618,False,0.471,False,0.391,False,0.426,False
spotify:track:5BKKy9fIJL5uM9fz1SnqyP,Chicago,Michael Jackson,13,0.538,0.453,False,0.604,False,0.483,False,0.39,False,0.419,False
spotify:track:4Cdb1dE3pfiWlqnAIcImyQ,24/7,The Neighbourhood,3,0.0,0.453,False,0.606,False,0.462,False,0.397,False,0.435,False
spotify:track:0zWbYGQq5O1KQd0iqzgjP6,Rehab (Winter In Paris),Brent Faiyaz,6,0.333,0.453,False,0.615,False,0.455,False,0.402,False,0.431,False
spotify:track:7v9FOmxrMxDBVV10OyjcW3,Nobody,Daniel J,4,0.5,0.453,False,0.604,False,0.459,False,0.398,False,0.439,False
spotify:track:3ViEhfgPwDKva54pvEQFTO,R e s e n t m e n t,PARTYNEXTDOOR,4,0.5,0.453,False,0.602,False,0.461,False,0.402,False,0.43,False
spotify:track:5qNMAZFQNEtjr0wf7N7aaB,DUBAI,Prettyboyk,4,0.5,0.453,False,0.599,False,0.466,False,0.395,False,0.437,False
spotify:track:1kNdtonJXHorsVpWerK8C2,Intro,Drake,4,0.25,0.453,False,0.67,True,0.458,False,0.379,False,0.427,False
spotify:track:2WkQcjibK5xz3ogxoo8CPJ,Inside Your Mind,Teo Glacier,3,0.667,0.453,False,0.607,False,0.454,False,0.397,False,0.443,False
spotify:track:2WNUYpLeOSMSlWgOmgGURl,GREEDY,PARTYNEXTDOOR,3,0.333,0.453,False,0.618,False,0.462,False,0.394,False,0.43,False
spotify:track:5XsAal7ZcWg1I5T4NcRjkv,Halley's Comet,Billie Eilish,5,0.4,0.453,False,0.599,False,0.462,False,0.401,False,0.432,False
spotify:track:0Lmbke3KNVFXtoH2mMSHCw,the boy is mine,Ariana Grande,3,0.0,0.453,False,0.604,False,0.455,False,0.399,False,0.439,False
spotify:track:0zmHtjhFIAcqtuJe8ehu7m,Lover boy,Craig Isto,3,0.333,0.453,False,0.601,False,0.462,False,0.386,False,0.452,False
spotify:track:2xbI8Vmyv3TkpTdywpPyNw,Selfish,PnB Rock,4,0.5,0.453,False,0.618,False,0.463,False,0.387,False,0.439,False
spotify:track:3xnjJdEKpogiiBjApR0DW4,Nobody's Better (feat. Fetty Wap),Suzi,4,0.5,0.452,False,0.603,False,0.461,False,0.395,False,0.438,False
spotify:track:0PHrcmOtDE89ew4vVEaD7S,BANDIT,Don Toliver,4,0.25,0.452,False,0.664,True,0.454,False,0.378,False,0.435,False
spotify:track:3QaPy1KgI7nu9FJEQUgn6h,WILDFLOWER,Billie Eilish,5,0.4,0.452,False,0.604,False,0.458,False,0.401,False,0.432,False
spotify:track:1WJeOVta7CGy7MhsRVOzNT,What's gotten into me,Olivia B Moore,3,0.333,0.452,False,0.626,False,0.455,False,0.387,False,0.443,False
spotify:track:22YkP95GjCfXkWKyU5k1zZ,Show Me Love (with Tyla),WizTheMc,5,0.6,0.452,False,0.611,False,0.463,False,0.393,False,0.432,False
spotify:track:6t90Z9XkdsHD8xMxro6KRP,Consideration,Rihanna,11,0.545,0.452,False,0.595,False,0.473,False,0.383,False,0.443,False
spotify:track:5QDGKcQLqOJvoiu8eScEaM,Let Em' Know,Bryson Tiller,5,0.4,0.452,False,0.616,False,0.465,False,0.379,False,0.446,False
spotify:track:0nBSRIzgxIb08xXgiEBZWi,wn up,kwn,4,0.25,0.452,False,0.593,False,0.476,False,0.384,False,0.439,False
spotify:track:2d8JP84HNLKhmd6IYOoupQ,Trap Queen,Fetty Wap,9,0.333,0.452,False,0.6,False,0.465,False,0.395,False,0.432,False
spotify:track:3rUGC1vUpkDG9CZFHMur1t,greedy,Tate McRae,4,0.5,0.452,False,0.599,False,0.465,False,0.393,False,0.435,False
spotify:track:3eekarcy7kvN4yt5ZFzltW,HIGHEST IN THE ROOM,Travis Scott,5,0.4,0.452,False,0.618,False,0.453,False,0.406,False,0.419,False
spotify:track:5AGQSF0ytihJyt96K5vW9d,Heartbeat,Childish Gambino,9,0.333,0.452,False,0.612,False,0.48,False,0.372,False,0.438,False
spotify:track:6CKoWCWAqEVWVjpeoJXyNH,Shape Of My Heart,Sting,4,0.5,0.451,False,0.614,False,0.461,False,0.393,False,0.429,False
spotify:track:1Lw4Q4fdDkm9teelfS3fx9,Receipts,Maz B,7,0.429,0.451,False,0.609,False,0.464,False,0.388,False,0.436,False
spotify:track:0tbar3AoobXRjfhlh7b95g,DEEP IN YOUR SOUL,alan vuong,3,0.667,0.451,False,0.601,False,0.453,False,0.395,False,0.443,False
spotify:track:5NijSs5dAwaIybq1GaRTIe,Poison,Brent Faiyaz,8,0.25,0.451,False,0.601,False,0.47,False,0.393,False,0.426,False
spotify:track:2P4OICZRVAQcYAV2JReRfj,Waiting For Love,Avicii,4,0.5,0.451,False,0.617,False,0.459,False,0.389,False,0.435,False
spotify:track:1osElFGwok2dGeORrb2p9x,Banana Pancakes,Acoustic Heartstrings,4,0.5,0.451,False,0.603,False,0.461,False,0.397,False,0.43,False
spotify:track:7lNFaTHV5IH8xaSXPqllOn,Blame U,Odeal,5,0.2,0.451,False,0.601,False,0.465,False,0.392,False,0.433,False
spotify:track:2VOomzT6VavJOGBeySqaMc,Disturbia,Rihanna,5,0.6,0.451,False,0.632,False,0.457,False,0.381,False,0.441,False
spotify:track:3DZQ6mzUkAdHqZWzqxBKIK,Loveeeeeee Song,Rihanna,23,0.391,0.451,False,0.597,False,0.474,False,0.383,False,0.436,False
spotify:track:1dByUyyoRKL99fJJ6VCQzb,TIT FOR TAT,Tate McRae,4,0.25,0.451,False,0.622,False,0.463,False,0.384,False,0.435,False
spotify:track:4SINLKyKC7s6RAWKGB7mMt,THE NEWS,PARTYNEXTDOOR,3,0.333,0.451,False,0.614,False,0.46,False,0.393,False,0.429,False
spotify:track:17InvVlFT4I30J7mdeuorn,Sneak,Leon Thomas,4,0.5,0.451,False,0.607,False,0.457,False,0.392,False,0.437,False
spotify:track:37F0uwRSrdzkBiuj0D5UHI,Reminder,The Weeknd,5,0.4,0.451,False,0.616,False,0.471,False,0.381,False,0.431,False
spotify:track:3VKW1b4IAxKvNoTki0fLIF,pretend,Teo Glacier,4,0.5,0.451,False,0.616,False,0.457,False,0.389,False,0.437,False
spotify:track:40oYjPdjvFBCZH1Smsk46H,Back Home,Yeat,3,0.333,0.451,False,0.611,False,0.463,False,0.375,False,0.454,False
spotify:track:1VvXLOfkv1zxa3LZ0zBXt2,Griddlë,Yeat,5,0.2,0.45,False,0.605,False,0.461,False,0.382,False,0.446,False
spotify:track:3DUe5irMKEjbsIoHxHnIYe,TELL 'EM YOU'RE MINE,alan vuong,4,0.5,0.45,False,0.619,False,0.464,False,0.374,False,0.447,False
spotify:track:608a1wIsSd5KzMEqm1O7w3,I'm On One,DJ Khaled,88,0.114,0.45,False,0.624,False,0.417,False,0.405,False,0.458,False
spotify:track:29TPjc8wxfz4XMn21O7VsZ,Sky,Playboi Carti,3,0.667,0.45,False,0.615,False,0.469,False,0.373,False,0.443,False
spotify:track:07Vwzgzl5dRyU7AMpJbIE3,Slam the Door,Young Stoner Life,4,0.5,0.45,False,0.621,False,0.461,False,0.382,False,0.436,False
spotify:track:1L5HBbBcXVGRWehNGs4MmX,Sequence 02,M.A.G.S.,6,0.333,0.45,False,0.616,False,0.474,False,0.381,False,0.425,False
spotify:track:4FIgHqXd4KkOwxrGeLDYM2,Texts Go Green,Drake,10,0.1,0.45,False,0.641,False,0.451,False,0.381,False,0.438,False
spotify:track:5DQmtCYW3qSGNjB3DtQwNq,Something For The Crashouts,REMI,3,0.333,0.45,False,0.612,False,0.467,False,0.376,False,0.441,False
spotify:track:2uvE4L5ZsYKpv8hbK4TIOt,MUTT,Leon Thomas,5,0.2,0.449,False,0.592,False,0.464,False,0.39,False,0.433,False
spotify:track:6QFCMUUq1T2Vf5sFUXcuQ7,Beauty And A Beat,Justin Bieber,3,0.333,0.449,False,0.597,False,0.458,False,0.387,False,0.443,False
spotify:track:3cQmqM0awej9iAESjhKrI9,Confidently Lost,Sabrina Claudio,3,0.333,0.449,False,0.596,False,0.459,False,0.385,False,0.445,False
spotify:track:4sMmYKC0ot3GTbl2RzHw7T,And This is Just The Intro,Tory Lanez,4,0.0,0.449,False,0.584,False,0.469,False,0.39,False,0.432,False
spotify:track:6YUTL4dYpB9xZO5qExPf05,Summer,Calvin Harris,3,0.333,0.449,False,0.644,False,0.453,False,0.38,False,0.431,False
spotify:track:7lTUaX0Bs1uE9ALFsmLF8G,Favour,Avenoir,6,0.333,0.449,False,0.617,False,0.459,False,0.383,False,0.435,False
spotify:track:0uLx4KMQrACHKlLuT1GQsq,Pent Up,Mellina Tey,3,0.667,0.449,False,0.598,False,0.448,False,0.395,False,0.44,False
spotify:track:3FskQrDXcY24ur2fCvz35O,Ye,Burna Boy,4,0.75,0.449,False,0.63,False,0.463,False,0.374,False,0.434,False
spotify:track:4gqrnAtKytouenQdFRW14x,Bout Mine,Mariah the Scientist,4,0.75,0.449,False,0.604,False,0.439,False,0.386,False,0.462,False
spotify:track:7axl6v0Yv4ksLVMt6XItpc,Truth or Dare,Tyla,4,0.5,0.449,False,0.626,False,0.458,False,0.378,False,0.436,False
spotify:track:1WoOzgvz6CgH4pX6a1RKGp,My Way (feat. Monty),Fetty Wap,6,0.333,0.449,False,0.597,False,0.458,False,0.388,False,0.438,False
spotify:track:2MvvoeRt8NcOXWESkxWn3g,Ribs,Lorde,3,0.333,0.448,False,0.589,False,0.464,False,0.385,False,0.439,False
spotify:track:1537dWgnx4cqNxMYQbVa6C,Over,R2Bees,4,0.5,0.448,False,0.604,False,0.462,False,0.381,False,0.438,False
spotify:track:3YnwIp2b99p3e5dsFTXIIx,Dunno,Mac Miller,4,0.5,0.448,False,0.653,True,0.47,False,0.378,False,0.402,False
spotify:track:3CA9pLiwRIGtUBiMjbZmRw,Nice For What,Drake,7,0.0,0.448,False,0.642,False,0.464,False,0.365,False,0.436,False
spotify:track:5SaKYcCTEdCkacDamzfRfX,2TONE,Yeat,3,0.333,0.448,False,0.606,False,0.461,False,0.376,False,0.445,False
spotify:track:7sT7kZEYd1MrmzLLIRVZas,Calling My Name,Drake,10,0.0,0.448,False,0.656,True,0.469,False,0.357,False,0.433,False
spotify:track:1myE3bHoWoSO5hyr3MxdHJ,DYNAMITE,Tyla,3,0.667,0.448,False,0.598,False,0.463,False,0.382,False,0.437,False
spotify:track:5rgrBsAFYMun6yhtnLKRPz,Right My Wrongs,Bryson Tiller,31,0.161,0.448,False,0.598,False,0.47,False,0.396,False,0.409,False
spotify:track:5zUQZjVB6bfewBXWqsP9PY,Here,Alessia Cara,7,0.429,0.448,False,0.61,False,0.464,False,0.376,False,0.438,False
spotify:track:448hSkxDU1sUQQauBWZVcC,Big Plans,Why Don't We,3,0.333,0.448,False,0.61,False,0.473,False,0.372,False,0.433,False
spotify:track:3zp3Mq8krAb1067UL94zJq,BE YOUR GIRL - KAYTRANADA REMIX,Teedra Moses,4,0.5,0.448,False,0.616,False,0.458,False,0.381,False,0.434,False
spotify:track:09CtPGIpYB4BrO8qb1RGsF,Sorry,Justin Bieber,4,0.25,0.448,False,0.586,False,0.463,False,0.382,False,0.444,False
spotify:track:4PZQtsDTNlq5hFWmdBb5xh,Steady,Bella Kay,8,0.375,0.448,False,0.604,False,0.455,False,0.387,False,0.435,False
spotify:track:7jhxagwOk9y1HC5ciRfmkQ,Invincible (feat. Daniel Caesar),Omar Apollo,3,0.667,0.448,False,0.584,False,0.478,False,0.377,False,0.432,False
spotify:track:0UHB9METy4VCXNgkcGqHqS,Kiss It Better,Rihanna,10,0.5,0.448,False,0.6,False,0.463,False,0.38,False,0.438,False
spotify:track:45zrvsTi8VmFA518GlH8Ho,THIS YEAR (Blessings) - Remix,Victor Thompson,3,0.333,0.448,False,0.594,False,0.451,False,0.378,False,0.46,False
spotify:track:27a1mYSG5tYg7dmEjWBcmL,CAN'T SAY,Travis Scott,9,0.333,0.447,False,0.62,False,0.463,False,0.381,False,0.423,False
spotify:track:0k4d5YPDr1r7FX77VdqWez,You Right,Doja Cat,3,0.667,0.447,False,0.611,False,0.463,False,0.376,False,0.437,False
spotify:track:0092fZcbCidhWrmBQX4guf,BOO,H3adband,8,0.375,0.447,False,0.6,False,0.458,False,0.38,False,0.445,False
spotify:track:2tpfxAXiI52znho4WE3XFA,Talking Body,Tove Lo,9,0.333,0.447,False,0.596,False,0.463,False,0.383,False,0.433,False
spotify:track:67v2UHujFruxWrDmjPYxD6,Persuasive (with SZA),Doechii,6,0.333,0.447,False,0.627,False,0.458,False,0.376,False,0.433,False
spotify:track:3RScLz4xxB1hjcYMmiARGr,bite me INTRO,kwn,5,0.0,0.447,False,0.589,False,0.468,False,0.384,False,0.43,False
spotify:track:0w3Q3VFdrYzo24QUIGnBNy,679 (feat. Monty),Fetty Wap,5,0.4,0.447,False,0.59,False,0.465,False,0.381,False,0.438,False
spotify:track:1XR1X1VTyTOVdPgH18RdME,Is It a Crime,Sade,4,0.25,0.447,False,0.615,False,0.454,False,0.387,False,0.427,False
spotify:track:2ctvdKmETyOzPb2GiJJT53,Breathe (In the Air),Pink Floyd,4,0.5,0.447,False,0.616,False,0.453,False,0.382,False,0.434,False
spotify:track:7iHHxY2NLlJRAmlAmC4ahQ,Stuck In A Dream (feat. Gunna),Lil Mosey,3,0.333,0.447,False,0.605,False,0.463,False,0.38,False,0.431,False
spotify:track:3SNKWwIDrHVisJDKnqFDOH,Feenin 4 Mo,Loe Shimmy,3,0.0,0.447,False,0.588,False,0.443,False,0.414,False,0.417,False
spotify:track:0RqiNQYAB75utUwQF82MdY,Jealous,Fireboy DML,3,0.667,0.447,False,0.618,False,0.46,False,0.376,False,0.433,False
spotify:track:1GPJiUz5W8pJpmeqopYmPe,In the Chair,Odeal,3,0.333,0.446,False,0.603,False,0.46,False,0.381,False,0.433,False
spotify:track:6ydWxkzjDktHsTzvWcaZ1i,In For It,Tory Lanez,4,0.0,0.446,False,0.578,False,0.468,False,0.388,False,0.427,False
spotify:track:4204hwPYuToiuSunPFUoML,True Love (feat. Tay Iwar & Projexx),Wizkid,3,0.333,0.446,False,0.602,False,0.451,False,0.385,False,0.439,False
spotify:track:30FURVTCpbKyykjSEQzGkH,Back To Black,Amy Winehouse,4,0.25,0.446,False,0.59,False,0.463,False,0.388,False,0.426,False
spotify:track:1yvSMyZn27M4wEslpSvB0D,So High,Doja Cat,5,0.4,0.446,False,0.609,False,0.452,False,0.385,False,0.431,False
spotify:track:1i0xnoJam8ze9tpXCf45uf,I've Had,Solo B,3,0.333,0.446,False,0.62,False,0.445,False,0.387,False,0.431,False
spotify:track:3vQ4T78TTMOjQXGfXVKQJo,Redbone,Childish Gambino,6,0.333,0.446,False,0.617,False,0.459,False,0.375,False,0.433,False
spotify:track:6wN4nT2qy3MQc098yL3Eu9,Deuces (feat. Tyga & Kevin McCall),Chris Brown,3,0.333,0.446,False,0.597,False,0.455,False,0.388,False,0.43,False
spotify:track:2c00DlvpzthGKcyXpe5GHa,Bad Influence,Omah Lay,6,0.333,0.446,False,0.577,False,0.455,False,0.394,False,0.434,False
spotify:track:0lEjxUUlKqjqXrVlIHFduD,P power (feat. Drake),Gunna,3,0.0,0.446,False,0.625,False,0.455,False,0.378,False,0.427,False
spotify:track:1mOwVgwbD4HWrATknEbCMP,Lullaby,JayDon,3,0.333,0.446,False,0.599,False,0.451,False,0.389,False,0.431,False
spotify:track:2GyA33q5rti5IxkMQemRDH,I Know What You Did Last Summer,Shawn Mendes,5,0.6,0.446,False,0.605,False,0.448,False,0.389,False,0.432,False
spotify:track:1yhdP5ugiYzu5hhlnMnBVg,Come By,Asect,3,0.333,0.445,False,0.617,False,0.454,False,0.37,False,0.445,False
spotify:track:5msH0hur2XpjhbLkbGvW8p,OG,Girlfriend,4,0.5,0.445,False,0.603,False,0.457,False,0.377,False,0.439,False
spotify:track:2p83FiQ2rhQpoT1o8fxuKK,Finesse,XYFU,6,0.333,0.445,False,0.592,False,0.446,False,0.392,False,0.436,False
spotify:track:07bqLhP7szsEFV78f09af9,Oceane (feat. Olivia Escuyos),RINI,57,0.0,0.445,False,0.637,False,0.483,False,0.405,False,0.343,False
spotify:track:3FAJ6O0NOHQV8Mc5Ri6ENp,Heartbreak Anniversary,GIVĒON,9,0.222,0.445,False,0.593,False,0.459,False,0.39,False,0.422,False
spotify:track:4zQAp49dPzGyOUfYV82eWL,Off Guard,AMARIA BB,3,0.333,0.445,False,0.595,False,0.455,False,0.387,False,0.431,False
spotify:track:6FZDfxM3a3UCqtzo5pxSLZ,Without Me,Halsey,5,0.4,0.445,False,0.615,False,0.45,False,0.386,False,0.428,False
spotify:track:5VSCgNlSmTV2Yq5lB40Eaw,Love Me Again,John Newman,4,0.5,0.445,False,0.593,False,0.449,False,0.391,False,0.434,False
spotify:track:5yhKaacMZGRo4s6evJx9vk,Bad (feat. Rihanna) - Remix,Wale,11,0.364,0.445,False,0.594,False,0.459,False,0.38,False,0.436,False
spotify:track:2RnB5R79oLcE8lCQbiaUZf,Art of War,Avenoir,5,0.2,0.445,False,0.644,False,0.452,False,0.374,False,0.424,False
spotify:track:1WBD2KNkYu880G7ElAituh,Burning Blue,Mariah the Scientist,6,0.5,0.445,False,0.605,False,0.439,False,0.388,False,0.443,False
spotify:track:5XNT7Opf0sMyfoqUEdsd1y,in plain sight,Khalid,3,0.333,0.444,False,0.61,False,0.448,False,0.388,False,0.426,False
spotify:track:1IIKrJVP1C9N7iPtG6eOsK,Go Crazy,Chris Brown,3,0.333,0.444,False,0.597,False,0.462,False,0.378,False,0.43,False
spotify:track:48QmG1dfvMuYLxMPt7KSRA,No Lie,Sean Paul,3,0.333,0.444,False,0.597,False,0.45,False,0.388,False,0.43,False
spotify:track:5UJbgR4XF4y1DvbkxEqe8S,Sports car,Tate McRae,7,0.143,0.444,False,0.593,False,0.462,False,0.378,False,0.431,False
spotify:track:1lb3H41lbvAN28N7yqRNL9,Idea 10,Gibran Alcocer,5,0.4,0.444,False,0.591,False,0.449,False,0.389,False,0.432,False
spotify:track:6K4Co1NQyOnoFEJMkZHkln,James Joint,Rihanna,11,0.364,0.444,False,0.59,False,0.463,False,0.38,False,0.427,False
spotify:track:2O7lAtKPOcd1KFGdaFTNEm,Voices - Lost Tapes 2021,Tory Lanez,4,0.0,0.444,False,0.579,False,0.466,False,0.378,False,0.432,False
spotify:track:4rugSJgsPQ1KlbWYZnoEsa,KEHLANI (REMIX) [feat. Kehlani],Jordan Adetunji,3,0.333,0.444,False,0.609,False,0.455,False,0.376,False,0.432,False
spotify:track:0NXwPuzvdm1svxUW2xga1T,Out Of Order,zuriel.,3,0.333,0.443,False,0.599,False,0.455,False,0.386,False,0.42,False
spotify:track:3rLIv187BhjyweFe89SgLn,Somebody To Love,Justin Bieber,5,0.0,0.443,False,0.591,False,0.454,False,0.381,False,0.435,False
spotify:track:2OsEJFTfzfjG4oC92cuP2c,Slow Down,Selena Gomez,3,0.333,0.443,False,0.612,False,0.448,False,0.385,False,0.424,False
spotify:track:2JqkpMe2eJToJNHEqkJeCu,Forever Yours,Brent Faiyaz,4,0.5,0.443,False,0.601,False,0.452,False,0.383,False,0.427,False
spotify:track:0iFOG4Ki9aDmJUYUFHQlPG,Frontin' (feat. JAY-Z) - Club Mix,Pharrell Williams,6,0.333,0.443,False,0.592,False,0.45,False,0.386,False,0.431,False
spotify:track:0P6AWOA4LG1XOctzaVu5tt,The Weekend - Funk Wav Remix,SZA,4,0.5,0.443,False,0.593,False,0.454,False,0.387,False,0.424,False
spotify:track:1Ahp4PZ1vzdbzBCedUrsqI,The One,Jorja Smith,6,0.333,0.443,False,0.599,False,0.448,False,0.381,False,0.437,False
spotify:track:30cSNer6TV8x2utjULVeQ5,SOS,Rihanna,6,0.5,0.443,False,0.597,False,0.46,False,0.373,False,0.434,False
spotify:track:7jXHMDFD5IP6pOUtC1p3iz,Bodies (feat. JID),Offset,4,0.25,0.443,False,0.626,False,0.452,False,0.371,False,0.43,False
spotify:track:3NTkDaR9hw7VbU3ziBnNVz,Fall in Love with You.,Montell Fish,3,0.667,0.443,False,0.598,False,0.455,False,0.373,False,0.438,False
spotify:track:0bTiLwSo2xmhA6BcCXTOkx,Temporary (feat. Don Toliver),6LACK,4,0.5,0.443,False,0.595,False,0.444,False,0.386,False,0.435,False
spotify:track:6CcJMwBtXByIz4zQLzFkKc,i love you,Billie Eilish,9,0.222,0.443,False,0.576,False,0.454,False,0.392,False,0.423,False
spotify:track:1wDacf69FcQgyUCCN2UudC,Fate,H.E.R.,4,0.25,0.443,False,0.619,False,0.462,False,0.371,False,0.418,False
spotify:track:4MbzauKV2ydtZZjLsPcuTF,Spread Thin,Mariah the Scientist,7,0.429,0.442,False,0.598,False,0.439,False,0.385,False,0.44,False
spotify:track:2VjXGuPVVxyhMgER3Uz2Fe,Ex-Factor,Ms. Lauryn Hill,11,0.364,0.442,False,0.585,False,0.458,False,0.379,False,0.43,False
spotify:track:2Hd7uGbl8PX0IxyX59VFOg,The Beach,GIVĒON,7,0.286,0.442,False,0.596,False,0.451,False,0.381,False,0.431,False
spotify:track:6AODvwD0OtfmsZJKiU6ptW,Call Me When You Can,Pimmie,5,0.4,0.442,False,0.618,False,0.444,False,0.379,False,0.429,False
spotify:track:2wAJTrFhCnQyNSD3oUgTZO,Work Out,J. Cole,8,0.25,0.442,False,0.614,False,0.462,False,0.363,False,0.432,False
spotify:track:4lnAN2S1fcI0SjxEbksZVr,Fetish (feat. Gucci Mane),Selena Gomez,3,0.333,0.442,False,0.628,False,0.451,False,0.366,False,0.433,False
spotify:track:4GXl8l1MfZPf2GvpyRPJBf,pick up the phone (feat. Quavo),Young Thug,3,0.333,0.442,False,0.595,False,0.441,False,0.387,False,0.433,False
spotify:track:6LAitVJIwyCy4bJGN9TIhn,Noormahal,Chani Nattan,3,0.333,0.442,False,0.597,False,0.454,False,0.387,False,0.416,False
spotify:track:7b3NF9xMKOd5p1HH3Y760e,Come Over,melvitto,6,0.333,0.442,False,0.608,False,0.451,False,0.375,False,0.431,False
spotify:track:5graQNTQVoxDpdigsXVQiF,Company,melvitto,4,0.5,0.442,False,0.619,False,0.459,False,0.366,False,0.426,False
spotify:track:360NCp4XoQ0sFi5jgu5Ww7,Insecure,Jazmine Sullivan,3,0.333,0.442,False,0.608,False,0.457,False,0.368,False,0.432,False
spotify:track:2SSyJ6hTS0JeHTg63wVDZ7,Next To You,Bryson Tiller,5,0.2,0.442,False,0.598,False,0.451,False,0.37,False,0.443,False
spotify:track:2fXwCWkh6YG5zU1IyvQrbs,Broken Clocks,SZA,4,0.5,0.442,False,0.592,False,0.459,False,0.375,False,0.429,False
spotify:track:6ew1E5O1KO1nuEtCjP2bwP,Stranger,Essiyas,3,0.333,0.441,False,0.585,False,0.447,False,0.387,False,0.431,False
spotify:track:5GPH6B3RlxjPkzgi2wXBWW,what she wanna',Destin Laurel,4,0.25,0.441,False,0.623,False,0.451,False,0.366,False,0.433,False
spotify:track:3w2PO4US2zMxFDxEjWT9yB,Be Easy,Odeal,5,0.0,0.441,False,0.594,False,0.453,False,0.381,False,0.424,False
spotify:track:7oAuqs6akGnPU3Tb00ZmyM,All Night,Beyoncé,4,0.75,0.441,False,0.583,False,0.48,False,0.362,False,0.424,False
spotify:track:6qmvAJSUfVGMubvI2awW7p,uh oh,Tate McRae,3,0.333,0.441,False,0.589,False,0.457,False,0.38,False,0.424,False
spotify:track:4NOZ35Dhucr6UlVyLOtktd,Dangerous,Kardinal Offishall,8,0.375,0.441,False,0.588,False,0.457,False,0.377,False,0.429,False
spotify:track:610keNiNVTIkYD0CqeSerg,California Love,Cheema Y,3,0.333,0.441,False,0.597,False,0.454,False,0.378,False,0.425,False
spotify:track:1zIk8RJEKGvoH4FioFnGyJ,On the Low,Burna Boy,6,0.333,0.441,False,0.6,False,0.458,False,0.375,False,0.421,False
spotify:track:3UhmuWcFaLS3AO3kI9ynQ2,Insane,AP Dhillon,3,0.333,0.441,False,0.592,False,0.448,False,0.387,False,0.422,False
spotify:track:4SXtbMNqNOX0MRRFhOA7nh,Something Going On - Kompa Gouyad Solo Slowed Down Edit,Kaysha,3,0.333,0.441,False,0.602,False,0.454,False,0.373,False,0.428,False
spotify:track:3BQbwXb8lMLLRBeLl6HTu8,Blue,The Neighbourhood,4,0.0,0.44,False,0.608,False,0.447,False,0.374,False,0.432,False
spotify:track:1trZGMI2CGyVT44STkpCoN,Let Me Explain,Bryson Tiller,3,0.333,0.44,False,0.614,False,0.454,False,0.362,False,0.436,False
spotify:track:23EDUpNbiKcDwhUf9kBRo8,Bad Girls Like You,Tobii,5,0.4,0.44,False,0.597,False,0.446,False,0.381,False,0.428,False
spotify:track:74fQgHleHZ4V7Gm1XYcGkj,One Night Only,Sonder,4,0.75,0.44,False,0.596,False,0.45,False,0.367,False,0.444,False
spotify:track:0tAdX9n0DuQC5XHmwn5ufT,Meet Me in Amsterdam,RINI,3,0.667,0.44,False,0.685,True,0.441,False,0.369,False,0.4,False
spotify:track:2LkLJhskz3IJZFQHAbmgmt,Woosah,Jeremih,5,0.0,0.44,False,0.588,False,0.454,False,0.385,False,0.415,False
spotify:track:1IP2G9KlWwT9xw1OlGf6Pd,Punjaban,Sukha,3,0.333,0.44,False,0.602,False,0.454,False,0.378,False,0.418,False
spotify:track:4DHbBXZYwlFIVpcI8fC6Ue,Go There With You,Victoria Monét,3,0.333,0.44,False,0.601,False,0.463,False,0.371,False,0.416,False
spotify:track:2p8IUWQDrpjuFltbdgLOag,After Hours,The Weeknd,5,0.2,0.44,False,0.61,False,0.464,False,0.364,False,0.419,False
spotify:track:14qNHvX8h6HoynFuV0RxWS,Far Away (feat. A$AP Rocky),Yebba,12,0.333,0.44,False,0.594,False,0.463,False,0.363,False,0.431,False
spotify:track:72gv4zhNvRVdQA0eOenCal,Symphony (feat. Zara Larsson),Clean Bandit,3,0.333,0.44,False,0.602,False,0.442,False,0.376,False,0.434,False
spotify:track:4frLb7nWtsz2ymBE6k2GRP,Earned It (Fifty Shades Of Grey),The Weeknd,7,0.286,0.439,False,0.602,False,0.449,False,0.378,False,0.422,False
spotify:track:4FZOSDwALdWxcGcRbwXWJ8,Tyrant (feat. Jorja Smith),Kali Uchis,4,0.25,0.439,False,0.576,False,0.454,False,0.386,False,0.418,False
spotify:track:0FIDCNYYjNvPVimz5icugS,Timeless (feat Playboi Carti),The Weeknd,9,0.0,0.439,False,0.596,False,0.461,False,0.363,False,0.433,False
spotify:track:3CgZCQyuyxHRMWB9BTwmni,Swim Good,Frank Ocean,5,0.6,0.439,False,0.599,False,0.451,False,0.377,False,0.422,False
spotify:track:1jTe5liUdnRjbie1luBi6J,Is It a Crime,Mariah the Scientist,4,0.5,0.439,False,0.606,False,0.454,False,0.363,False,0.435,False
spotify:track:2xsTsnA5QOFCnFXdEHGkli,STAY HERE 4 LIFE,A$AP Rocky,5,0.4,0.439,False,0.617,False,0.441,False,0.373,False,0.43,False
spotify:track:4UDguq9kRecAxXZZl2kH1P,Body Go (with Tyla),MOLIY,6,0.333,0.439,False,0.592,False,0.451,False,0.376,False,0.427,False
spotify:track:1IgePMOW0qEe1AViWgkal9,Pretty Little Birds (feat. Isaiah Rashad),SZA,3,0.333,0.439,False,0.599,False,0.46,False,0.366,False,0.427,False
spotify:track:4llK75pXNWZz6KAho2Gp16,She Will Be Loved - Radio Mix,Maroon 5,3,0.333,0.439,False,0.586,False,0.446,False,0.382,False,0.427,False
spotify:track:7vIDhgD7WWTMpvgJebImoN,All For Me,Mariah the Scientist,128,0.133,0.439,False,0.588,False,0.459,False,0.375,False,0.419,False
spotify:track:76Ku9OBFK1NjMylR8r4WLK,Gang Baby,NLE Choppa,4,0.5,0.439,False,0.59,False,0.45,False,0.377,False,0.427,False
spotify:track:5pNiAcguRrBdYf5V0QXdir,Get to You Again,Mac Ayres,3,0.333,0.439,False,0.601,False,0.455,False,0.376,False,0.415,False
spotify:track:3nXrCAE44KlevAkQB2XWcN,Gonna Love Me,Teyana Taylor,4,0.25,0.439,False,0.573,False,0.452,False,0.379,False,0.431,False
spotify:track:3tkxfORwPo2zydAf25YFOc,Care,Sonder,5,0.4,0.439,False,0.623,False,0.449,False,0.369,False,0.419,False
spotify:track:22HvnAXszGc2IlIEkdNd76,Diamonds 'n' Pearls,OSA,3,0.333,0.439,False,0.605,False,0.453,False,0.361,False,0.436,False
spotify:track:1qFSPn37zEeCyRiVpkW9dt,Light It Up (Remix),Major Lazer,4,0.25,0.439,False,0.584,False,0.449,False,0.379,False,0.428,False
spotify:track:5JycxhApZmzbA4xSwvqh6k,All To Me,GIVĒON,6,0.167,0.438,False,0.603,False,0.449,False,0.375,False,0.421,False
spotify:track:2WigMwGJysIh9fRnSJvpjn,KU LO SA - A COLORS SHOW,Oxlade,4,0.25,0.438,False,0.601,False,0.446,False,0.376,False,0.424,False
spotify:track:0MVRp3alcmdqyuoejhZpTL,medicine,Khalid,3,0.0,0.438,False,0.597,False,0.436,False,0.383,False,0.429,False
spotify:track:2ENexcMEMsYk0rVJigVD3i,Only Girl (In The World),Rihanna,7,0.429,0.438,False,0.591,False,0.454,False,0.369,False,0.43,False
spotify:track:5Y35SjAfXjjG0sFQ3KOxmm,Nobody Gets Me,SZA,5,0.2,0.438,False,0.584,False,0.448,False,0.383,False,0.421,False
spotify:track:0b4M7hd7mzLTm99MrMeZsp,She Will,Lil Wayne,12,0.417,0.438,False,0.589,False,0.441,False,0.38,False,0.43,False
spotify:track:6yJIO8264hq1hCbBLU0C0X,Don’t hide,So Supa,5,0.4,0.438,False,0.593,False,0.444,False,0.375,False,0.431,False
spotify:track:3W2nknW1nTuuxUSyFCUCS8,John Redcorn,SiR,5,0.4,0.438,False,0.608,False,0.45,False,0.371,False,0.42,False
spotify:track:3EVKvGsChZur3WfeAeCyDG,Stay,Kenya Grace,3,0.333,0.438,False,0.61,False,0.451,False,0.365,False,0.427,False
spotify:track:7HDpgbWMVzI8bEbdldw3cs,One Way (feat. T-Pain) - Bonus,6LACK,6,0.167,0.438,False,0.584,False,0.439,False,0.386,False,0.426,False
spotify:track:1wADwLSkYhrSmy4vdy6BRn,soso,Omah Lay,4,0.5,0.438,False,0.581,False,0.441,False,0.382,False,0.432,False
spotify:track:06SYfhYSo9iY3txHE6W9Dl,jazz is for ordinary people,berlioz,4,0.5,0.438,False,0.593,False,0.439,False,0.377,False,0.434,False
spotify:track:1Cbl3Yq8rHo7hhDQmLQagU,PUSH 2 START,Tyla,8,0.25,0.438,False,0.59,False,0.458,False,0.367,False,0.425,False
spotify:track:67lKDoCZbRCJDa4RT68eme,Secret (feat. Summer Walker),21 Savage,5,0.2,0.438,False,0.586,False,0.441,False,0.381,False,0.429,False
spotify:track:4ZaRg5Sf4TKr0YcFRLh7QJ,Love Affair,UMI,3,0.667,0.438,False,0.614,False,0.464,False,0.374,False,0.392,False
spotify:track:6NOrpcicPUh2eaj8bAD44u,Baby (Is it a Crime),Rema,4,0.25,0.437,False,0.584,False,0.442,False,0.387,False,0.419,False
spotify:track:2kla9fmzHqh1OzykXi2h0F,KEHLANI (slowed & reverb),Jordan Adetunji,3,0.0,0.437,False,0.593,False,0.45,False,0.375,False,0.42,False
spotify:track:4IFgAd6OdFhKlDDxwBX8In,hopeless romantic,kwn,4,0.0,0.437,False,0.575,False,0.46,False,0.371,False,0.424,False
spotify:track:6CTWathupIiDs7U4InHnDA,Trip,Ella Mai,3,0.0,0.437,False,0.612,False,0.442,False,0.376,False,0.418,False
spotify:track:2GlATHCDbLW7xq5BE0Bz5g,Shot Clock,Ella Mai,3,0.0,0.437,False,0.599,False,0.443,False,0.376,False,0.426,False
spotify:track:4Nw7kywWurWS6ceinn1cHK,Baby Powder,Jenevieve,7,0.286,0.437,False,0.583,False,0.442,False,0.378,False,0.43,False
spotify:track:1cKHdTo9u0ZymJdPGSh6nq,I Was Never There,The Weeknd,4,0.5,0.437,False,0.592,False,0.452,False,0.373,False,0.42,False
spotify:track:4AIiCP2scA6jt6jAKfkvTX,fue mejor (feat. SZA),Kali Uchis,3,0.333,0.437,False,0.588,False,0.452,False,0.368,False,0.429,False
spotify:track:0YThXX1dqUpYBLyJNAsF9N,If We Being Rëal,Yeat,4,0.0,0.437,False,0.577,False,0.453,False,0.37,False,0.431,False
spotify:track:4up9NoBIp8FzWud3D2L50S,Head in a Jar,Khamari,3,0.333,0.437,False,0.596,False,0.442,False,0.37,False,0.434,False
spotify:track:3aCmUZ2k3F0lq3hAGM1NlI,I Think I Do,RealestK,3,0.333,0.436,False,0.598,False,0.446,False,0.372,False,0.423,False
spotify:track:1zgHn1EqUyA0HqNYMdJ5ia,Best Time,Brent Faiyaz,3,0.333,0.436,False,0.591,False,0.448,False,0.372,False,0.425,False
spotify:track:3WY21ibZasLGJE1U6Apmzj,I LUV IT (feat. Playboi Carti),Camila Cabello,3,0.0,0.436,False,0.61,False,0.452,False,0.361,False,0.423,False
spotify:track:4TO2RCpe9L7M4HBBdjT4O4,Typical,Bellah,5,0.4,0.436,False,0.574,False,0.443,False,0.379,False,0.43,False
spotify:track:08vlprFBmwh9TQnjXUtZDG,FAMJAM4000,Jordan Ward,4,0.5,0.436,False,0.59,False,0.438,False,0.376,False,0.432,False
spotify:track:5jOzt9SUzOxqb3hEEG1v1g,90 in a 35,spaceluvrrr,4,0.25,0.436,False,0.6,False,0.465,False,0.353,False,0.425,False
spotify:track:5ULBHrYz3Thdz9BiPoT6hI,GOT_IT_ALL,alan vuong,10,0.0,0.436,False,0.611,False,0.469,False,0.343,False,0.428,False
spotify:track:72TFWvU3wUYdUuxejTTIzt,Work,Rihanna,6,0.333,0.436,False,0.586,False,0.454,False,0.365,False,0.428,False
spotify:track:1GO9vCm5Cra5uWGSWQ5mGK,In the Dark,Camila Cabello,3,0.0,0.436,False,0.602,False,0.453,False,0.367,False,0.416,False
spotify:track:7cjoZVmWe2xsGR4wcXiV2v,What You Saying,Lil Uzi Vert,5,0.2,0.436,False,0.594,False,0.45,False,0.369,False,0.422,False
spotify:track:0yYTRodDOWqZZ0AWa2qxHH,wrong faces.,Brent Faiyaz,6,0.167,0.435,False,0.594,False,0.444,False,0.376,False,0.419,False
spotify:track:6WzRpISELf3YglGAh7TXcG,Popular (with Playboi Carti & Madonna) - From The Idol Vol. 1 (Music from the HBO Original Series),The Weeknd,5,0.2,0.435,False,0.595,False,0.448,False,0.369,False,0.424,False
spotify:track:4iokZFTx4hmvHsY1cExFgn,Water From Wine,Amaarae,3,0.0,0.435,False,0.578,False,0.442,False,0.383,False,0.419,False
spotify:track:6LGwYMXXgURfaequXipzHx,You Don't Know My Name,Alicia Keys,4,0.25,0.435,False,0.584,False,0.458,False,0.359,False,0.429,False
spotify:track:03JZr55j9bIj1d2RQJ7Yq9,Jealous Type,Doja Cat,4,0.5,0.435,False,0.597,False,0.439,False,0.372,False,0.427,False
spotify:track:0szmDue1FCIpLC9SBs7fbU,My Girl,Isabel LaRosa,5,0.4,0.435,False,0.593,False,0.444,False,0.367,False,0.43,False
spotify:track:6huNf4dutXRjJyGn7f5BPS,Pray For Me,The Weeknd,5,0.2,0.435,False,0.595,False,0.446,False,0.368,False,0.424,False
spotify:track:5bXvjd7qb3DTgEiHgxPMZH,Mawa,Chelsea Dinorath,4,0.25,0.434,False,0.563,False,0.457,False,0.366,False,0.429,False
spotify:track:126oeltvIg79HHP4yAi4rq,Now Or Never,Halsey,4,0.5,0.434,False,0.6,False,0.441,False,0.362,False,0.432,False
spotify:track:0xLIu53VONIKcPKcwtBBkd,Cold Showers,Tia Gordon,3,0.333,0.434,False,0.584,False,0.449,False,0.367,False,0.424,False
spotify:track:62d6YXEYxmMWAuLpw1EysL,Garden Kisses,GIVĒON,3,0.333,0.433,False,0.595,False,0.447,False,0.361,False,0.428,False
spotify:track:4NpDZPwSXmL0cCTaJuVrCw,Birthday Sex,Jeremih,3,0.333,0.433,False,0.587,False,0.449,False,0.365,False,0.425,False
spotify:track:010ZkIVv6Ay5vqqHVCCiKB,"Fill The Void (with Lily Rose Depp, Ramsey)",The Weeknd,3,0.333,0.433,False,0.595,False,0.449,False,0.363,False,0.422,False
spotify:track:7G1spkYFa3iqe2gMRsLpWK,favourites,Nolais,4,0.25,0.433,False,0.605,False,0.445,False,0.361,False,0.424,False
spotify:track:5MPPttjfGap2C6j6eKcO6J,Baby (Lil Baby feat. DaBaby),Quality Control,3,0.333,0.433,False,0.593,False,0.449,False,0.361,False,0.424,False
spotify:track:0cYohCh24y1aMjJmcS9RBl,For A Reason,Karan Aujla,3,0.333,0.433,False,0.596,False,0.451,False,0.361,False,0.42,False
spotify:track:60jzFy6Nn4M0iD1d94oteF,Rude Boy,Rihanna,8,0.25,0.433,False,0.581,False,0.447,False,0.364,False,0.429,False
spotify:track:3Yt9lRtS5V4nbJnwcgFgvC,You Da One,Rihanna,8,0.25,0.433,False,0.573,False,0.447,False,0.367,False,0.428,False
spotify:track:6wsqVwoiVH2kde4k4KKAFU,I KNOW ?,Travis Scott,5,0.2,0.432,False,0.606,False,0.451,False,0.358,False,0.415,False
spotify:track:3ld1FzyNgpZwGn4h9cOXrq,Love Me Not (feat. Rex Orange County),Ravyn Lenae,3,0.333,0.432,False,0.58,False,0.446,False,0.371,False,0.418,False
spotify:track:7cioKB5CHVzk09SOtTyn0T,Haunted,Beyoncé,20,0.0,0.432,False,0.655,True,0.49,False,0.285,False,0.444,False
spotify:track:6wmAHw1szh5RCKSRjiXhPe,How Long,Charlie Puth,4,0.25,0.432,False,0.597,False,0.438,False,0.367,False,0.422,False
spotify:track:43PuMrRfbyyuz4QpZ3oAwN,Exchange,Bryson Tiller,4,0.25,0.432,False,0.594,False,0.445,False,0.353,False,0.436,False
spotify:track:3uycvDrCFMnYWDHkAdC0UK,Both Sides Of The Moon,Celeste,3,0.333,0.432,False,0.594,False,0.433,False,0.366,False,0.43,False
spotify:track:06u5LrUpbosQlQ1QJFhPpG,Drew Barrymore,SZA,3,0.333,0.432,False,0.564,False,0.444,False,0.376,False,0.419,False
spotify:track:1x075F39Q0zOhjPzPKgG8E,Baby By Me,50 Cent,5,0.4,0.432,False,0.599,False,0.421,False,0.376,False,0.428,False
spotify:track:2oWFJJW9d1bIra3zHjR6GO,bloodstream,Alyssa Grace,3,0.333,0.432,False,0.593,False,0.449,False,0.352,False,0.431,False
spotify:track:1mjMXiWYKSJ5XmJCC0O9HJ,Skin,Rihanna,4,0.5,0.431,False,0.593,False,0.43,False,0.358,False,0.445,False
spotify:track:3a3dQOO19moXPeTt2PomoT,What You Heard,Sonder,6,0.333,0.431,False,0.582,False,0.438,False,0.374,False,0.417,False
spotify:track:4F7A0DXBrmUAkp32uenhZt,Party Monster,The Weeknd,7,0.143,0.431,False,0.581,False,0.443,False,0.366,False,0.424,False
spotify:track:0tMMPZEt6Gyrl9FI8zSicm,Glue Song (feat. Clairo),beabadoobee,3,0.333,0.431,False,0.581,False,0.446,False,0.366,False,0.42,False
spotify:track:1mhVXWduD8ReDwusfaHNwU,Tell Your Friends,The Weeknd,4,0.25,0.431,False,0.597,False,0.449,False,0.356,False,0.421,False
spotify:track:5ZxCk43qwHrzVUahCyRLEm,Down On Me,Jeremih,5,0.0,0.431,False,0.589,False,0.444,False,0.368,False,0.414,False
spotify:track:541sN2qNfIlllGn9nGOQoC,Revolving door,Tate McRae,5,0.0,0.431,False,0.585,False,0.446,False,0.364,False,0.419,False
spotify:track:2c2tlXfEmLgUNvxngIi1qL,DEAD MAN WALKING,Brent Faiyaz,3,0.333,0.431,False,0.583,False,0.442,False,0.37,False,0.416,False
spotify:track:2LBqCSwhJGcFQeTHMVGwy3,Die For You,The Weeknd,4,0.25,0.431,False,0.586,False,0.453,False,0.356,False,0.42,False
spotify:track:1YgIvHDTvi1vosins1jyAC,Amapiano,Asake,4,0.25,0.431,False,0.584,False,0.445,False,0.368,False,0.414,False
spotify:track:7kJlTKjNZVT26iwiDUVhRm,Blow Your Mind (Mwah),Dua Lipa,3,0.333,0.43,False,0.587,False,0.448,False,0.358,False,0.423,False
spotify:track:2LMkwUfqC6S6s6qDVlEuzV,White Ferrari,Frank Ocean,6,0.333,0.43,False,0.578,False,0.445,False,0.369,False,0.416,False
spotify:track:3XCpS4k8WqNnCpcDOSRRuz,Escapism. - Sped Up,RAYE,5,0.4,0.43,False,0.614,False,0.435,False,0.366,False,0.412,False
spotify:track:5cribHMAGa0JRgTsWuQ8CT,Fading,Elijah Fox,3,0.333,0.43,False,0.596,False,0.448,False,0.353,False,0.423,False
spotify:track:2luxd3WEcEACrORUnXvITr,TWENTY NIGHTS,Nobu Woods,3,0.0,0.43,False,0.578,False,0.437,False,0.374,False,0.417,False
spotify:track:1z9kQ14XBSN0r2v6fx4IdG,Diamonds,Rihanna,3,0.333,0.43,False,0.608,False,0.43,False,0.361,False,0.428,False
spotify:track:3e7sxremeOE3wTySiOhGiP,Dusk Till Dawn (feat. Sia) - Radio Edit,ZAYN,5,0.0,0.43,False,0.596,False,0.458,False,0.367,False,0.389,False
spotify:track:4osgfFTICMkcGbbigdsa53,Novacane,Frank Ocean,29,0.276,0.43,False,0.617,False,0.406,False,0.387,False,0.413,False
spotify:track:7DfFc7a6Rwfi3YQMRbDMau,Thinkin Bout You,Frank Ocean,10,0.3,0.43,False,0.573,False,0.448,False,0.363,False,0.42,False
spotify:track:3xKsf9qdS1CyvXSMEid6g8,Pink + White,Frank Ocean,6,0.333,0.43,False,0.588,False,0.439,False,0.369,False,0.414,False
spotify:track:5ouREJYZCYqwF0p7VeUtfH,IDK HOW,Karan Aujla,3,0.333,0.43,False,0.596,False,0.448,False,0.356,False,0.417,False
spotify:track:5IFJRfYfe2OuZn00tsGcAf,Rage,Babyboy AV,4,0.25,0.43,False,0.571,False,0.429,False,0.376,False,0.426,False
spotify:track:3a1lNhkSLSkpJE4MSHpDu9,Congratulations,Post Malone,3,0.333,0.429,False,0.6,False,0.447,False,0.349,False,0.424,False
spotify:track:5Zu4UO0QlderRYNPFkbJeO,Wall To Wall,Chris Brown,5,0.0,0.429,False,0.592,False,0.453,False,0.349,False,0.42,False
spotify:track:7vOmSP2647oNUGGEhWd1cr,Montagem Mysterious Game,LXNGVX,4,0.25,0.429,False,0.582,False,0.443,False,0.354,False,0.431,False
spotify:track:6SwRhMLwNqEi6alNPVG00n,LOYALTY. FEAT. RIHANNA.,Kendrick Lamar,5,0.6,0.428,False,0.609,False,0.409,False,0.361,False,0.445,False
spotify:track:5FkoSXiJPKTNyYgALRJFhD,ORANGE SODA,Baby Keem,3,0.333,0.428,False,0.596,False,0.442,False,0.352,False,0.425,False
spotify:track:5dxHF4lrDimKqnI3GaZUmC,Diary (feat. Tony! Toni! Tone! & Jermaine Paul),Alicia Keys,3,0.333,0.428,False,0.576,False,0.431,False,0.37,False,0.425,False
spotify:track:33pEKWX4isAp2xAp82gzbj,Me And You,Coco Jones,6,0.333,0.428,False,0.574,False,0.448,False,0.363,False,0.413,False
spotify:track:2GAhgAjOhEmItWLfgisyOn,Low,SZA,3,0.333,0.428,False,0.571,False,0.445,False,0.363,False,0.419,False
spotify:track:2TktkzfozZifbQhXjT6I33,Evergreen (You Didn’t Deserve Me At All),Omar Apollo,3,0.0,0.428,False,0.561,False,0.462,False,0.355,False,0.412,False
spotify:track:4iZ4pt7kvcaH6Yo8UoZ4s2,Snooze,SZA,3,0.333,0.428,False,0.57,False,0.444,False,0.363,False,0.419,False
spotify:track:040I32EKLxQrkuxQu1pqvT,Saturn,SZA,4,0.25,0.427,False,0.573,False,0.442,False,0.368,False,0.411,False
spotify:track:0WoVfPjxsf9MTvPt9ptqeE,SLUT ME OUT,NLE Choppa,4,0.25,0.427,False,0.571,False,0.441,False,0.364,False,0.418,False
spotify:track:3LBM25IgxI9y549SiYxtSi,Stuck On You,GIVĒON,5,0.2,0.427,False,0.588,False,0.444,False,0.352,False,0.422,False
spotify:track:0TlLq3lA83rQOYtrqBqSct,Nonstop,Drake,3,0.0,0.427,False,0.615,False,0.429,False,0.354,False,0.422,False
spotify:track:5z0q8ZJx9TFLXzspcOvWBC,Heartburn,Wafia,4,0.25,0.427,False,0.587,False,0.438,False,0.354,False,0.427,False
spotify:track:4at3d5QWnlibMVN75ECDrp,Pretty Little Fears (feat. J. Cole),6LACK,3,0.333,0.427,False,0.572,False,0.428,False,0.371,False,0.423,False
spotify:track:6tMNiCoZdZWTqunmI1tI8K,See You,Alex Kehm,3,0.0,0.427,False,0.568,False,0.438,False,0.364,False,0.423,False
spotify:track:37vVp2sWHuuIBOSl1NswP6,i'm yours,Isabel LaRosa,3,0.333,0.427,False,0.589,False,0.434,False,0.359,False,0.423,False
spotify:track:1a019wP7IdYLexwbmfZPm3,Flawlëss (feat. Lil Uzi Vert),Yeat,4,0.0,0.427,False,0.586,False,0.434,False,0.352,False,0.434,False
spotify:track:2X6b7zLdIxCejd6GqVcQ9M,3005,Childish Gambino,7,0.143,0.427,False,0.576,False,0.434,False,0.359,False,0.43,False
spotify:track:3ppVO2tyWRRznNmONvt7Se,Summers Over Interlude,Drake,3,0.0,0.427,False,0.63,False,0.428,False,0.351,False,0.417,False
spotify:track:3cZajhyr8LmtPfHZ9296tj,No Broke Boys,Disco Lines,4,0.25,0.427,False,0.588,False,0.444,False,0.346,False,0.428,False
spotify:track:4v5kAh2wWyCSuKuhMJK8u6,Long Way 2 Go,Cassie,6,0.167,0.427,False,0.582,False,0.434,False,0.352,False,0.434,False
spotify:track:789CxjEOtO76BVD1A9yJQH,Stay,Rihanna,5,0.2,0.426,False,0.574,False,0.441,False,0.357,False,0.421,False
spotify:track:3ruoIF2UnoXdzK8mR61ebq,Rich Nigga Shit (feat. Young Thug),21 Savage,3,0.333,0.426,False,0.573,False,0.422,False,0.371,False,0.426,False
spotify:track:6ouhsRJ7gExB7LCYjITk4Y,Diet Pepsi,Addison Rae,5,0.0,0.426,False,0.578,False,0.437,False,0.366,False,0.409,False
spotify:track:3UDpwoxz9SUvVE0e1mnsxx,NIGHTS LIKE THIS,The Kid LAROI,3,0.667,0.426,False,0.599,False,0.438,False,0.351,False,0.418,False
spotify:track:5gXD4exv3XSwYh4BFQ0phf,DON'T LEAVE,GIVĒON,3,0.333,0.426,False,0.57,False,0.428,False,0.37,False,0.419,False
spotify:track:2cYqizR4lgvp4Qu6IQ3qGN,BUTTERFLY EFFECT,Travis Scott,3,0.333,0.426,False,0.587,False,0.434,False,0.362,False,0.413,False
spotify:track:3mTIPzsL10pNKmfU5yPN8o,close with desires (right person wrong timing) - Sped Up,Teo Glacier,3,0.333,0.425,False,0.574,False,0.427,False,0.371,False,0.416,False
spotify:track:57TWkgQVyTCzffOzMJKens,Switch,OSA,3,0.333,0.425,False,0.579,False,0.42,False,0.375,False,0.416,False
spotify:track:4LadsagnXZM7SEOpHjHIHA,Looking For The Hoes (Ain’t My Fault),Sexyy Red,6,0.333,0.425,False,0.565,False,0.435,False,0.365,False,0.419,False
spotify:track:0mZ5GyrHG908lqrHaTw4hi,No One,Alicia Keys,3,0.333,0.425,False,0.576,False,0.426,False,0.369,False,0.417,False
spotify:track:5fBoh0hqi7shM8a8nfPnDB,Sparks Will Fly (feat. Jhené Aiko),J. Cole,3,0.333,0.425,False,0.592,False,0.435,False,0.353,False,0.419,False
spotify:track:3wKKkGVn7cVSfgPeYYIiXG,Kiss Kiss (feat. T-Pain),Chris Brown,4,0.0,0.425,False,0.575,False,0.439,False,0.36,False,0.414,False
spotify:track:6YoIklDN0qyJA1NuXwKrEw,TRACK 02 (Dangerous Lover),Avenoir,4,0.25,0.425,False,0.596,False,0.426,False,0.36,False,0.419,False
spotify:track:32lItqlMi4LBhb4k0BaSaC,Candy Paint,Post Malone,5,0.0,0.425,False,0.597,False,0.435,False,0.352,False,0.418,False
spotify:track:23UV8pJEvRnAZd6ZAXBC0H,No Pressure,Justin Bieber,3,0.0,0.425,False,0.584,False,0.435,False,0.357,False,0.417,False
spotify:track:6fhG2KJgwO7CrNflRaRmvp,Dandelions - slowed + reverb,Ruth B.,3,0.333,0.425,False,0.57,False,0.44,False,0.364,False,0.409,False
spotify:track:3PFaFVWq5wucLu6s4baj9D,Girl (feat. KAYTRANADA),The Internet,6,0.0,0.425,False,0.59,False,0.405,False,0.372,False,0.429,False
spotify:track:0dGqP4VickYjtIaB5VOt4H,3:15 (Breathe),Russ,5,0.4,0.424,False,0.612,False,0.42,False,0.361,False,0.412,False
spotify:track:7sEnjOJydpPeYjt2csODOj,Cannonball (feat. Don Toliver),Lithe,4,0.0,0.424,False,0.571,False,0.426,False,0.372,False,0.412,False
spotify:track:14OxJlLdcHNpgsm4DRwDOB,Habits (Stay High),Tove Lo,4,0.25,0.424,False,0.569,False,0.437,False,0.361,False,0.415,False
spotify:track:3Vi5XqYrmQgOYBajMWSvCi,Need to Know,Doja Cat,4,0.25,0.424,False,0.593,False,0.434,False,0.353,False,0.417,False
spotify:track:7idI4LLo9LVLqrvvzhSj3n,First Day Out (Freestyle),Rundown Spaz,15,0.0,0.424,False,0.648,False,0.483,False,0.268,False,0.446,False
spotify:track:6cmm1LMvZdB5zsCwX5BjqE,Down,Jay Sean,4,0.5,0.424,False,0.574,False,0.428,False,0.363,False,0.419,False
spotify:track:1QecTIbUmqn4awHGDXd1q5,That Girl,Param,12,0.167,0.423,False,0.584,False,0.433,False,0.366,False,0.402,False
spotify:track:5lAnYvAIkSDNXqfo7DyFUm,Ain't Shit,Doja Cat,3,0.333,0.423,False,0.578,False,0.428,False,0.362,False,0.416,False
spotify:track:6gBFPUFcJLzWGx4lenP6h2,goosebumps,Travis Scott,5,0.2,0.423,False,0.589,False,0.433,False,0.354,False,0.415,False
spotify:track:5wPhznwiMGc1tUojiEkAkG,Elimination,JayDaYoungan,11,0.0,0.423,False,0.637,False,0.474,False,0.281,False,0.441,False
spotify:track:77ZhzP75wx1qzhFG4P7vyt,Lights Out (feat. Fat Trel),Chris Brown,3,0.0,0.423,False,0.571,False,0.437,False,0.359,False,0.411,False
spotify:track:6cEguiQecbXrFlsnMi2ysr,Come and See Me (feat. Drake),PARTYNEXTDOOR,4,0.0,0.423,False,0.569,False,0.429,False,0.368,False,0.41,False
spotify:track:2r7BPog74oaTG5shNYiUnV,House Of Balloons / Glass Table Girls,The Weeknd,4,0.25,0.423,False,0.578,False,0.438,False,0.355,False,0.411,False
spotify:track:4YYHgF9dWyVSor0GtrBzdf,Te Amo,Rihanna,3,0.333,0.423,False,0.601,False,0.425,False,0.351,False,0.42,False
spotify:track:6Uj1ctrBOjOas8xZXGqKk4,Woman,Doja Cat,3,0.333,0.423,False,0.563,False,0.428,False,0.366,False,0.416,False
spotify:track:0cyOIIXWhyCbZpiddBlB8K,Problem,OSA,3,0.333,0.422,False,0.579,False,0.429,False,0.356,False,0.418,False
spotify:track:6jdOi5U5LBzQrc4c1VT983,"Hold On, We're Going Home",Drake,4,0.0,0.422,False,0.625,False,0.42,False,0.35,False,0.41,False
spotify:track:6bzwoiUt0s1KDOedyy4OtQ,High School,Nicki Minaj,29,0.276,0.422,False,0.588,False,0.45,False,0.364,False,0.372,False
spotify:track:2tej1KSqNuxwywIpY1rDRc,Hide and Seek,Imogen Heap,3,0.0,0.421,False,0.581,False,0.426,False,0.365,False,0.404,False
spotify:track:7eDYNlBwRMeFOZHOZ95dZ1,"Yeah, I Said It",Rihanna,4,0.25,0.421,False,0.605,False,0.418,False,0.348,False,0.425,False
spotify:track:7rpWDu9GPlLxbLorYKVys7,Gbona,Burna Boy,13,0.077,0.421,False,0.578,False,0.424,False,0.36,False,0.415,False
spotify:track:0PgqpFFX4WxBbXhjkONk5b,Feel A Way (feat. Don Toliver),KAYTRANADA,3,0.0,0.421,False,0.582,False,0.432,False,0.347,False,0.421,False
spotify:track:76gUmNLXGQVOsGhfcshkFP,Madiba Riddim,Drake,4,0.0,0.421,False,0.628,False,0.411,False,0.352,False,0.414,False
spotify:track:69ms7KvY7nETPn8mYwTahK,Alone,Avenoir,6,0.0,0.421,False,0.599,False,0.41,False,0.364,False,0.413,False
spotify:track:6qn9YLKt13AGvpq9jfO8py,We Found Love,Rihanna,4,0.25,0.421,False,0.603,False,0.42,False,0.348,False,0.422,False
spotify:track:3YUMWmx8EJq0DurfuIwoGh,my future,Billie Eilish,3,0.0,0.421,False,0.552,False,0.437,False,0.366,False,0.404,False
spotify:track:1rIKgCH4H52lrvDcz50hS8,Lush Life,Zara Larsson,7,0.286,0.421,False,0.559,False,0.43,False,0.362,False,0.413,False
spotify:track:0bmVH05tjN9jVh3kB1TfpR,In This Darkness,Clara La San,10,0.3,0.421,False,0.576,False,0.431,False,0.357,False,0.409,False
spotify:track:18d1pubaNYUpaKIeSoxPFA,The Sick,Bella Kay,6,0.167,0.421,False,0.573,False,0.428,False,0.355,False,0.417,False
spotify:track:0NTMtAO2BV4tnGvw9EgBVq,Bitch Better Have My Money,Rihanna,6,0.0,0.42,False,0.586,False,0.436,False,0.345,False,0.414,False
spotify:track:31yoNL3A318KMhaaaBDbME,Good Morning Gorgeous,Mary J. Blige,3,0.333,0.42,False,0.561,False,0.415,False,0.367,False,0.421,False
spotify:track:1pp5Jl6ON1YTOZ01NcPNwi,Brown Liquor Baby,FromJerome,4,0.25,0.42,False,0.585,False,0.438,False,0.348,False,0.404,False
spotify:track:0oTtnnedK0C4unALxVTPhz,Mystery of Love (From the Original Motion Picture “Call Me by Your Name”),Sufjan Stevens,3,0.0,0.42,False,0.576,False,0.429,False,0.354,False,0.413,False
spotify:track:4jBfUB4kQJCWOrjGLQqhO0,The Morning,The Weeknd,5,0.0,0.419,False,0.576,False,0.43,False,0.352,False,0.413,False
spotify:track:4c2xt1trwYZpMqPWY35Xi9,Jaded,Drake,3,0.0,0.419,False,0.627,False,0.418,False,0.342,False,0.412,False
spotify:track:0QyJXG36Q3Kta662XS8GhY,Too Fast,Sonder,11,0.182,0.419,False,0.572,False,0.438,False,0.355,False,0.399,False
spotify:track:5EcG8eMMlwkHRVa4aTR1qd,Breakin' Dishes,Rihanna,7,0.143,0.419,False,0.57,False,0.425,False,0.351,False,0.424,False
spotify:track:2lVYLiHGIX6GajMqYXF1Un,FOREVER (with 6LACK),Jessie Reyez,5,0.2,0.419,False,0.587,False,0.434,False,0.349,False,0.405,False
spotify:track:4NeOWqHmlrGRuBvsLJC9rL,My Love (feat. T.I.),Justin Timberlake,4,0.5,0.419,False,0.604,False,0.436,False,0.334,False,0.413,False
spotify:track:31dgrKXIJ7FCxlENs8uxuo,Show Me Love (feat. Miguel),Alicia Keys,6,0.0,0.419,False,0.579,False,0.44,False,0.337,False,0.419,False
spotify:track:2WXeML2aZLwSY96bSnnOrA,With You,RealestK,3,0.333,0.419,False,0.568,False,0.425,False,0.353,False,0.419,False
spotify:track:5ShqaLCQm38x3Y1K4kQDqm,Here We Go (Uh Oh),Coco Jones,12,0.167,0.418,False,0.566,False,0.411,False,0.368,False,0.416,False
spotify:track:0946VVOuYpcWD04kxXHZzP,Just Like Martin,IDK,3,0.0,0.418,False,0.546,False,0.433,False,0.356,False,0.415,False
spotify:track:6UQBPoydGh3aS29DQpIjAW,love wars,451,3,0.333,0.418,False,0.553,False,0.413,False,0.366,False,0.42,False
spotify:track:69BUC8IKBfujuuHRdcf9F2,Midnight Alchemy,My Boy Arlo,3,0.333,0.418,False,0.561,False,0.424,False,0.352,False,0.421,False
spotify:track:5DfWF0jqMgZDCiu9zJENTA,Ring (feat. Kehlani),Cardi B,4,0.5,0.417,False,0.579,False,0.428,False,0.339,False,0.423,False
spotify:track:22I3h5AOENlH4CqXJsEbFR,Collide (feat. Tyga),Justine Skye,48,0.021,0.417,False,0.609,False,0.357,False,0.386,False,0.428,False
spotify:track:2uwnP6tZVVmTovzX5ELooy,Power Trip (feat. Miguel),J. Cole,6,0.167,0.417,False,0.573,False,0.444,False,0.33,False,0.42,False
spotify:track:45sDIKapDyxPl307QpEAwl,Rocketeer,Far East Movement,3,0.333,0.417,False,0.553,False,0.42,False,0.36,False,0.416,False
spotify:track:6JZYMxvcoeLD4IifJPvDux,Dirty Diana,Michael Jackson,18,0.222,0.417,False,0.586,False,0.451,False,0.349,False,0.373,False
spotify:track:3QFInJAm9eyaho5vBzxInN,family ties (with Kendrick Lamar),Baby Keem,6,0.0,0.417,False,0.589,False,0.442,False,0.329,False,0.413,False
spotify:track:7bKxc7UstlRxOtNBvLjGSs,It Gets Better (With Time),The Internet,4,0.5,0.417,False,0.563,False,0.426,False,0.35,False,0.418,False
spotify:track:3Ox7FJrgNNBfctIGPgj40s,Only U,PARTYNEXTDOOR,3,0.0,0.417,False,0.557,False,0.42,False,0.364,False,0.407,False
spotify:track:3IcIIZMMS7UArJJPtEHXG8,Obsessed,Mariah Carey,3,0.333,0.417,False,0.554,False,0.42,False,0.36,False,0.416,False
spotify:track:1uNePI826aqh9uC9pgbeHU,Tia Tamera (feat. Rico Nasty),Doja Cat,3,0.0,0.417,False,0.563,False,0.423,False,0.354,False,0.414,False
spotify:track:3tpI98Yae25hSvhh6mitA9,ICU,Coco Jones,5,0.2,0.417,False,0.562,False,0.431,False,0.352,False,0.409,False
spotify:track:4ZYlzwjjAJrflwWg4DJTlT,MORNING DEW (DONK),Beyoncé,5,0.2,0.417,False,0.604,False,0.435,False,0.336,False,0.4,False
spotify:track:2DBLkz4jEc6lPekVOwsxrC,Omoge,Steph Ocho,6,0.167,0.417,False,0.594,False,0.418,False,0.342,False,0.42,False
spotify:track:1cKWT3cMhOG21dQ1wHWXal,If I Let You,Reyna Joy,3,0.333,0.417,False,0.554,False,0.417,False,0.36,False,0.418,False
spotify:track:1PNs0uGru3TcrA94kpyGnc,Do We Have A Problem?,Nicki Minaj,3,0.333,0.416,False,0.591,False,0.426,False,0.344,False,0.406,False
spotify:track:1OtjTfTN6NZpk6DrsySQsq,Futuristic,Yung D3mz,3,0.333,0.416,False,0.554,False,0.417,False,0.36,False,0.416,False
spotify:track:1eWH4VqJ6O3AZ6NOSYgpaj,Time And Trust,Naomi Sharon,3,0.333,0.416,False,0.561,False,0.424,False,0.352,False,0.414,False
spotify:track:7ghKr0pCYyPPyp7t1FH8k4,Les,Childish Gambino,5,0.0,0.416,False,0.564,False,0.43,False,0.342,False,0.418,False
spotify:track:2J6OF7CkpdQGSfm1wdclqn,Clouded,Brent Faiyaz,3,0.0,0.415,False,0.556,False,0.426,False,0.357,False,0.404,False
spotify:track:1c2wTe7doRRk2n1XZe0KAM,Lovely,Sonder,4,0.25,0.415,False,0.579,False,0.437,False,0.337,False,0.407,False
spotify:track:7cWnks0lsRtpAi87COOiXK,O Re Piya,Salim–Sulaiman,4,0.25,0.415,False,0.564,False,0.428,False,0.347,False,0.412,False
spotify:track:4jCKLCyhHjrzz6be6NDhrd,Roc Steady (feat. Flo Milli),Megan Thee Stallion,3,0.0,0.415,False,0.585,False,0.429,False,0.342,False,0.406,False
spotify:track:3AIKIt5ySNlUDqajeAtHCc,NEED U - R&B MIX,Papa Jay,3,0.333,0.415,False,0.554,False,0.417,False,0.36,False,0.413,False
spotify:track:33lL8HLB8YO834kMoQeoZd,Show Me Love,WizTheMc,4,0.25,0.415,False,0.568,False,0.43,False,0.344,False,0.411,False
spotify:track:3NiL2JcFIncyshy4KOKA73,Go Baby,Cleo Sol,3,0.333,0.415,False,0.561,False,0.414,False,0.357,False,0.415,False
spotify:track:4lpMpiN3mNqGnjXrrDULix,Working My Way Down,Margie Buckridge,3,0.333,0.415,False,0.554,False,0.412,False,0.36,False,0.416,False
spotify:track:2TeLIzFBe3hxkPR5FIQZut,Like I Can,Sam Smith,3,0.333,0.415,False,0.587,False,0.424,False,0.348,False,0.4,False
spotify:track:0e19FWq8zyOMmRgsE2EjES,I'd Rather Be,Ye Ali,3,0.333,0.415,False,0.554,False,0.417,False,0.356,False,0.416,False
spotify:track:0CTZQno7SjUG4Qb0736anc,Moment Of Truth,Brandon Mychal Smith,3,0.333,0.415,False,0.554,False,0.417,False,0.356,False,0.416,False
spotify:track:61XKjaoYP146b27n8Z0mEJ,Claudia,FINNEAS,3,0.333,0.415,False,0.586,False,0.426,False,0.343,False,0.404,False
spotify:track:6L9p4IvKa3Xa3cctVOqnEL,Let It Happen,Simar,4,0.25,0.414,False,0.553,False,0.417,False,0.355,False,0.417,False
spotify:track:2bJvI42r8EF3wxjOuDav4r,Time of Our Lives,Pitbull,7,0.286,0.414,False,0.561,False,0.426,False,0.352,False,0.404,False
spotify:track:1gihuPhrLraKYrJMAEONyc,Feel So Close - Radio Edit,Calvin Harris,3,0.0,0.414,False,0.583,False,0.408,False,0.355,False,0.41,False
spotify:track:2WcPWXOjoDKDVouyyWV8Eq,Searchin,Sonder,5,0.2,0.414,False,0.56,False,0.432,False,0.346,False,0.406,False
spotify:track:3sTN90bIP2cJ1783ctHykO,Love$ick (feat. A$AP Rocky),Mura Masa,3,0.333,0.414,False,0.553,False,0.417,False,0.36,False,0.407,False
spotify:track:3oTuTpF1F3A7rEC6RKsMRz,Raindance (feat. Tems),Dave,12,0.083,0.414,False,0.576,False,0.421,False,0.356,False,0.395,False
spotify:track:5gDWsRxpJ2lZAffh5p7K0w,Stargirl Interlude,The Weeknd,4,0.0,0.413,False,0.566,False,0.435,False,0.336,False,0.409,False
spotify:track:6Nle9hKrkL1wQpwNfEkxjh,Chanel,Frank Ocean,6,0.167,0.413,False,0.557,False,0.423,False,0.349,False,0.41,False
spotify:track:3e0ZGE7Gp034iLknjQk4QW,Can I,Drake,4,0.0,0.413,False,0.619,False,0.413,False,0.336,False,0.406,False
spotify:track:30raivfq7rSt5nKltiHfzG,Moonshine,Bruno Mars,4,0.5,0.413,False,0.595,False,0.429,False,0.343,False,0.388,False
spotify:track:3HQcsqRjRdruUjkbDSgmVF,Woo,Rihanna,3,0.333,0.413,False,0.559,False,0.419,False,0.349,False,0.412,False
spotify:track:78TTtXnFQPzwqlbtbwqN0y,FourFiveSeconds,Rihanna,3,0.0,0.412,False,0.589,False,0.414,False,0.339,False,0.414,False
spotify:track:0Au2L6RX9JeZ80G0GtxNlY,jersey luv,GROOVY,4,0.25,0.412,False,0.553,False,0.415,False,0.348,False,0.42,False
spotify:track:2gam98EZKrF9XuOkU13ApN,Promiscuous,Nelly Furtado,6,0.333,0.412,False,0.565,False,0.416,False,0.344,False,0.417,False
spotify:track:2LcXJP95e4HKydTZ2mYfrx,Tujh Mein Rab Dikhta Hai,Salim–Sulaiman,3,0.333,0.412,False,0.562,False,0.422,False,0.343,False,0.412,False
spotify:track:2kEDuZRwYUoQLIYKpQfKWa,Tapout,Rich Gang,14,0.0,0.412,False,0.605,False,0.455,False,0.338,False,0.353,False
spotify:track:0fsgieABBLYkx6rk5N3JUD,NISSAN ALTIMA,Doechii,3,0.0,0.412,False,0.598,False,0.413,False,0.34,False,0.406,False
spotify:track:3FImu2LpSuH6gDHBuFgIbS,DO 4 LOVE,Snoh Aalegra,3,0.333,0.412,False,0.565,False,0.425,False,0.343,False,0.406,False
spotify:track:6iycYUk3oB0NPMdaDUrN1w,EVIL J0RDAN,Playboi Carti,3,0.0,0.412,False,0.549,False,0.424,False,0.342,False,0.418,False
spotify:track:2gq9iG0maBxkuZI7yfGJuv,Overtime,Bryson Tiller,4,0.0,0.411,False,0.565,False,0.419,False,0.339,False,0.418,False
spotify:track:0Z2J91b2iTGLVTZC4fKgxf,Hit 'Em Up - Single Version,2Pac,4,0.25,0.411,False,0.553,False,0.416,False,0.344,False,0.42,False
spotify:track:0zh4UsKtESn0jq9nstzx0u,Fields,GIVĒON,5,0.0,0.411,False,0.572,False,0.427,False,0.335,False,0.407,False
spotify:track:3qKunud9sySc8qvQ3i84og,Conceited,Flo Milli,5,0.2,0.411,False,0.584,False,0.437,False,0.321,False,0.409,False
spotify:track:2ZWlPOoWh0626oTaHrnl2a,Ivy,Frank Ocean,4,0.25,0.411,False,0.551,False,0.423,False,0.35,False,0.403,False
spotify:track:2HWWNoWEEEECwZhAiLg7ib,Beautiful Liar,Beyoncé,27,0.074,0.411,False,0.595,False,0.39,False,0.377,False,0.379,False
spotify:track:4356Typ82hUiFAynbLYbPn,DJ Got Us Fallin' In Love (feat. Pitbull),USHER,5,0.2,0.411,False,0.55,False,0.423,False,0.35,False,0.403,False
spotify:track:5Yj6xkBg6LQ6zOWrpjIPUO,Smoov,Bellah,3,0.333,0.411,False,0.556,False,0.416,False,0.343,False,0.417,False
spotify:track:2q4rjDy9WhaN3o9MvDbO21,Kiss Me Thru The Phone,Soulja Boy,8,0.125,0.41,False,0.563,False,0.424,False,0.336,False,0.412,False
spotify:track:3hEfpBHxgieRLz4t3kLNEg,About You,The 1975,3,0.333,0.41,False,0.554,False,0.42,False,0.344,False,0.411,False
spotify:track:0QcS4DBl3Dhfv0F0nARK3M,ego talkin',Saint Harison,3,0.333,0.41,False,0.551,False,0.411,False,0.346,False,0.421,False
spotify:track:66w7lK0t98OPgvYjXp39IP,Excitement,Trippie Redd,3,0.0,0.41,False,0.576,False,0.418,False,0.338,False,0.408,False
spotify:track:6gi6y1xwmVszDWkUqab1qw,OUT WEST (feat. Young Thug),JACKBOYS,3,0.333,0.41,False,0.554,False,0.417,False,0.346,False,0.411,False
spotify:track:7icwQvajsokotDfM3tefW6,SkeeYee,Sexyy Red,3,0.0,0.41,False,0.576,False,0.418,False,0.335,False,0.412,False
spotify:track:6m59VvDUi0UQsB2eZ9wVbH,Poison,Bell Biv DeVoe,5,0.2,0.41,False,0.545,False,0.418,False,0.351,False,0.407,False
spotify:track:7A8d6xGJy2DpNqO2b9DrJu,Tapout,Rich Gang,4,0.5,0.41,False,0.596,False,0.416,False,0.345,False,0.387,False
spotify:track:7umZiitjVsEjMQ6HNddpUI,Love Is Only a Feeling,Joey Bada$$,3,0.0,0.41,False,0.57,False,0.416,False,0.335,False,0.417,False
spotify:track:2bLqfJjuC5syrsgDsZfGmn,The Way I Are,Timbaland,6,0.0,0.41,False,0.572,False,0.425,False,0.346,False,0.388,False
spotify:track:1xMvdOFQaql3EBkHmuh2TK,Batman,LPB Poody,4,0.25,0.409,False,0.553,False,0.415,False,0.348,False,0.408,False
spotify:track:4cgjA7B4fJBHyB9Ya2bu0t,Human Nature,Michael Jackson,3,0.333,0.409,False,0.586,False,0.429,False,0.342,False,0.379,False
spotify:track:13xxBnXOuiBxVxJI458B0i,Unfaithful,Rihanna,3,0.0,0.409,False,0.579,False,0.412,False,0.339,False,0.41,False
spotify:track:1ia019RqDK2o4QiANR1Dyn,Moment 4 Life,Nicki Minaj,4,0.5,0.409,False,0.568,False,0.406,False,0.346,False,0.414,False
spotify:track:4mwiRPRAUSSFD6lJ86m98B,Stay Down,Brent Faiyaz,3,0.0,0.409,False,0.557,False,0.422,False,0.344,False,0.402,False
spotify:track:2lpygKqzPFtItQ4ss3cgfb,Cinderella (feat. Ty Dolla $ign),Mac Miller,7,0.143,0.409,False,0.58,False,0.436,False,0.337,False,0.38,False
spotify:track:5ljDueZy47gMfHVaoi3k5f,NO MORE EXCUSES (Reimagined),XODDIAC SOUND,4,0.25,0.409,False,0.551,False,0.416,False,0.339,False,0.42,False
spotify:track:3w1WjD2zJqjBjDz5fwqQPJ,Tyler Herro,Jack Harlow,3,0.333,0.409,False,0.59,False,0.414,False,0.333,False,0.406,False
spotify:track:75iIalBlg6g7krYDWAfFUT,Bass Song,Eryn Allen Kane,5,0.2,0.408,False,0.545,False,0.41,False,0.351,False,0.41,False
spotify:track:5PvVkf1Yuq3XyMqqjPiKPd,Been Away,Brent Faiyaz,3,0.0,0.408,False,0.561,False,0.425,False,0.335,False,0.405,False
spotify:track:4KRKDBAE4zS8D2MrWcJpHz,p.a.n.l.,Swavie,5,0.2,0.408,False,0.545,False,0.413,False,0.347,False,0.41,False
spotify:track:1qbmS6ep2hbBRaEZFpn7BX,Man I Need,Olivia Dean,3,0.0,0.408,False,0.561,False,0.409,False,0.342,False,0.413,False
spotify:track:2ZFAAhOIIFuIKFWuE59UtM,Peru,Fireboy DML,4,0.25,0.408,False,0.555,False,0.414,False,0.342,False,0.411,False
spotify:track:6bxUnsSGZCmoHHU5auwtps,Beware,Big Sean,4,0.25,0.408,False,0.578,False,0.422,False,0.329,False,0.404,False
spotify:track:34ceTg8ChN5HjrqiIYCn9Q,Miss Independent,Ne-Yo,4,0.0,0.407,False,0.55,False,0.415,False,0.347,False,0.403,False
spotify:track:2dKkVF2m160z0RNDN2dddc,NISSAN ALTIMA,Doechii,3,0.0,0.407,False,0.581,False,0.396,False,0.348,False,0.407,False
spotify:track:5WQQIDU3HRaMyPkob8mpFb,Where Have You Been,Rihanna,5,0.0,0.407,False,0.561,False,0.408,False,0.343,False,0.411,False
spotify:track:0rbKrBvZUYY9GN9l057BuY,"always, i'll care",Jeremy Zucker,3,0.333,0.407,False,0.547,False,0.409,False,0.342,False,0.417,False
spotify:track:4lH6nENd1y81jp7Yt9lTBX,Solo,Future,6,0.167,0.406,False,0.582,False,0.392,False,0.348,False,0.407,False
spotify:track:4E2j6b0NrYXnlypn9sMiOu,Feel Good,Clara La San,15,0.133,0.406,False,0.577,False,0.43,False,0.302,False,0.429,False
spotify:track:1H5SbCi83gGAE812cJIDzm,Take Control,melvitto,4,0.0,0.406,False,0.571,False,0.402,False,0.347,False,0.402,False
spotify:track:4Yw8TyBm9J8cpy2guHUYog,What You Need,The Weeknd,3,0.0,0.406,False,0.557,False,0.415,False,0.337,False,0.408,False
spotify:track:3pD0f7hSJg2XdQ6udw5Tey,What Goes Around.../...Comes Around (Interlude),Justin Timberlake,3,0.0,0.406,False,0.583,False,0.419,False,0.324,False,0.406,False
spotify:track:2DHc2e5bBn4UzY0ENVFrUl,Carry Out (Featuring Justin Timberlake),Timbaland,3,0.0,0.406,False,0.595,False,0.427,False,0.329,False,0.382,False
spotify:track:1lAJUXyP5S2dUYHer1xBas,Drunk And Nasty (feat. Sharc),Pi’erre Bourne,3,0.0,0.406,False,0.572,False,0.421,False,0.323,False,0.41,False
spotify:track:1HFfMOxCAT4GAwaPfCdmUs,Waves - Robin Schulz Radio Edit,Mr. Probz,3,0.0,0.406,False,0.572,False,0.421,False,0.323,False,0.41,False
spotify:track:0em4AXX0ab6D5tVcinllKe,Lost Me,JadaAlise,3,0.0,0.406,False,0.572,False,0.421,False,0.323,False,0.41,False
spotify:track:5mHdCZtVyb4DcJw8799hZp,Escapism.,RAYE,6,0.167,0.406,False,0.548,False,0.414,False,0.345,False,0.4,False
spotify:track:2x2olWuWXpqjoeE4bO1NFS,Never Lose Me,Flo Milli,6,0.167,0.406,False,0.585,False,0.441,False,0.303,False,0.407,False
spotify:track:4QNpBfC0zvjKqPJcyqBy9W,Give Me Everything (feat. Nayer),Pitbull,4,0.25,0.406,False,0.583,False,0.429,False,0.323,False,0.393,False
spotify:track:3zU9rdflI65tK4dkkNSp77,Heroes (we could be),Alesso,3,0.0,0.406,False,0.572,False,0.42,False,0.323,False,0.41,False
spotify:track:1Ydy1j4ooUkDvQYSvwxjoy,Please Me,Cardi B,5,0.2,0.405,False,0.553,False,0.419,False,0.332,False,0.409,False
spotify:track:7r6PigmGzlB3YPB7wvBBbi,No Church In The Wild,JAŸ-Z,4,0.25,0.405,False,0.574,False,0.419,False,0.324,False,0.407,False
spotify:track:0oufSLnKQDoBFX5mgkDCgR,Trust,Brent Faiyaz,3,0.0,0.405,False,0.55,False,0.425,False,0.335,False,0.399,False
spotify:track:52wlhIULOeaxZpzuTYrVlt,Let Me Go,GIVĒON,3,0.0,0.405,False,0.548,False,0.422,False,0.333,False,0.406,False
spotify:track:6BeBTdd0bE2rim6FGePOdC,wyd (feat. Bryson Tiller),Plaqueboymax,5,0.0,0.405,False,0.549,False,0.412,False,0.342,False,0.403,False
spotify:track:4PMqSO5qyjpvzhlLI5GnID,Good Days,SZA,3,0.0,0.405,False,0.53,False,0.423,False,0.343,False,0.398,False
spotify:track:4Jsus7N4d8hFB2G9gcRdBv,NOBLE,F3miii,4,0.0,0.405,False,0.562,False,0.413,False,0.341,False,0.394,False
spotify:track:035MzEbx4z2DxuRDymHXbv,Rodeo (Remix),Lah Pat,6,0.0,0.404,False,0.559,False,0.415,False,0.334,False,0.404,False
spotify:track:5U1xKUJGOi0LJ4MrZA5xhV,Not Enough,OSA,4,0.0,0.404,False,0.56,False,0.403,False,0.342,False,0.405,False
spotify:track:2QdSb68BzZGMgCbsrFmSLc,Higher,Tems,3,0.333,0.404,False,0.578,False,0.417,False,0.342,False,0.377,False
spotify:track:4rHIfYRQw6ittRQXAlurk0,Favorite Mistake,GIVĒON,3,0.0,0.404,False,0.548,False,0.417,False,0.333,False,0.406,False
spotify:track:6vxU64pcIuQ38O015Zy4qj,Homecoming,Lil Uzi Vert,4,0.0,0.404,False,0.541,False,0.415,False,0.337,False,0.405,False
spotify:track:5gFoAVTN9YlM9uJCrFZtgl,Crooked Smile (feat. TLC),J. Cole,3,0.0,0.403,False,0.559,False,0.408,False,0.338,False,0.403,False
spotify:track:6qk3jI8bKCgURI3h0d8zBZ,Again,Wande Coal,3,0.0,0.403,False,0.553,False,0.404,False,0.345,False,0.4,False
spotify:track:3cuUZnjDwk4cUJCFinYbAC,Free Fall (feat. J. Cole),Tems,4,0.25,0.403,False,0.578,False,0.416,False,0.337,False,0.381,False
spotify:track:3GCdLUSnKSMJhs4Tj6CV3s,"All The Stars (with SZA) - From ""Black Panther: The Album""",Kendrick Lamar,3,0.333,0.403,False,0.586,False,0.393,False,0.335,False,0.409,False
spotify:track:0KHOIkAcSHTH9S0H0wZV7Q,"Naal Nachna (From ""Dhurandhar"")",Afsana Khan,5,0.2,0.403,False,0.553,False,0.417,False,0.331,False,0.404,False
spotify:track:36Hwcla06Q5BCr59CL0sBp,Ayo Technology,50 Cent,4,0.0,0.403,False,0.61,False,0.385,False,0.335,False,0.405,False
spotify:track:6NMtzpDQBTOfJwMzgMX0zl,SKELETONS,Travis Scott,3,0.0,0.403,False,0.559,False,0.42,False,0.329,False,0.399,False
spotify:track:6UmKnXmG7VmYqFnmSPOfRj,Get It Sexyy,Sexyy Red,4,0.25,0.403,False,0.536,False,0.41,False,0.342,False,0.405,False
spotify:track:03tqyYWC9Um2ZqU0ZN849H,No Hands (feat. Roscoe Dash & Wale),Waka Flocka Flame,18,0.056,0.403,False,0.605,False,0.444,False,0.269,False,0.427,False
spotify:track:1CS7Sd1u5tWkstBhpssyjP,Take Me to Church,Hozier,3,0.0,0.403,False,0.566,False,0.404,False,0.343,False,0.391,False
spotify:track:3GZD6HmiNUhxXYf8Gch723,Lost,Frank Ocean,3,0.0,0.402,False,0.55,False,0.412,False,0.334,False,0.404,False
spotify:track:0DiWol3AO6WpXZgp0goxAV,One More Time,Daft Punk,3,0.0,0.402,False,0.535,False,0.412,False,0.338,False,0.408,False
spotify:track:2QFyOnJfJ49OnNgMvKXvTM,Turning Page,Sydney Rose,3,0.0,0.402,False,0.545,False,0.422,False,0.335,False,0.39,False
spotify:track:0aO1mV29BHq9IVswPx7yvU,Elevator Spaghetti,Jorjiana,3,0.0,0.402,False,0.572,False,0.413,False,0.319,False,0.41,False
spotify:track:3I3eUAnjfJ3XtqgQJda5u5,Tell Ur Girlfriend,Lay Bankz,4,0.0,0.402,False,0.576,False,0.411,False,0.319,False,0.409,False
spotify:track:54L7uacUGRkvoLokUlNWfH,CLEARED - Remix,Lilithzplug,3,0.0,0.402,False,0.572,False,0.412,False,0.319,False,0.41,False
spotify:track:4S4QJfBGGrC8jRIjJHf1Ka,Pain,PinkPantheress,3,0.333,0.401,False,0.545,False,0.41,False,0.333,False,0.406,False
spotify:track:5Ravsw8TmHN5wBiYPPYUFw,Right Now (Na Na Na),Akon,3,0.0,0.401,False,0.563,False,0.415,False,0.323,False,0.404,False
spotify:track:4Pwjz3DfvfQWV0rO2V8jyh,"Bitch, Don’t Kill My Vibe",Kendrick Lamar,3,0.333,0.401,False,0.583,False,0.389,False,0.33,False,0.414,False
spotify:track:1EUCFwyhBlHxGVKlqe6Dw7,MR. MEDIA,Tyla,3,0.0,0.401,False,0.542,False,0.417,False,0.329,False,0.404,False
spotify:track:6KFWubocLBhrLs31RpEdR9,Location (feat. Burna Boy),Dave,3,0.0,0.401,False,0.564,False,0.407,False,0.334,False,0.395,False
spotify:track:11ZulcYY4lowvcQm4oe3VJ,Slumber Party (feat. Princess Nokia),Ashnikko,3,0.0,0.401,False,0.556,False,0.412,False,0.333,False,0.395,False
spotify:track:6K4t31amVTZDgR3sKmwUJJ,The Less I Know The Better,Tame Impala,5,0.2,0.401,False,0.548,False,0.408,False,0.338,False,0.397,False
spotify:track:0TIYRdf5622SXVPEDvawPy,Sittin' On Top Of The World (feat. 21 Savage),Burna Boy,3,0.0,0.401,False,0.533,False,0.422,False,0.333,False,0.395,False
spotify:track:4EWCNWgDS8707fNSZ1oaA5,Heartless,Kanye West,3,0.0,0.4,False,0.586,False,0.402,False,0.321,False,0.407,False
spotify:track:0A4qfe6IPTW4RIosSOu90O,Shake Dat,Chief Keef,3,0.0,0.4,False,0.533,False,0.402,False,0.326,False,0.43,False
spotify:track:1V6gIisPpYqgFeWbMLI0bA,Heart Attack,Demi Lovato,4,0.0,0.4,False,0.543,False,0.398,False,0.338,False,0.41,False
spotify:track:42VsgItocQwOQC3XWZ8JNA,FE!N (feat. Playboi Carti),Travis Scott,5,0.0,0.4,False,0.57,False,0.414,False,0.318,False,0.404,False
spotify:track:1jYiIOC5d6soxkJP81fxq2,"I'm the One (feat. Justin Bieber, Quavo, Chance the Rapper & Lil Wayne)",DJ Khaled,5,0.0,0.4,False,0.573,False,0.401,False,0.32,False,0.415,False
spotify:track:7uVg9fXqAPpRo7kdoYLKjA,Turn Heads,Dem Franchize Boyz,7,0.143,0.4,False,0.546,False,0.406,False,0.336,False,0.401,False
spotify:track:0RJD0uJykyJH6vFzz6ufaE,Last Time (feat. Snoh Aalegra),GIVĒON,3,0.0,0.4,False,0.534,False,0.403,False,0.342,False,0.403,False
spotify:track:771KDfpsOtJPQmocQpMdkR,Fi Kan We Kan,BNXN,3,0.0,0.4,False,0.546,False,0.418,False,0.33,False,0.394,False
spotify:track:3fhvnn5xALwA2htzljsU1v,Red Ruby Da Sleeze,Nicki Minaj,4,0.25,0.399,False,0.548,False,0.408,False,0.331,False,0.402,False
spotify:track:6NYbDTmstd7JSUWl2hVBqR,Sprinter,Dave,6,0.167,0.399,False,0.556,False,0.399,False,0.329,False,0.411,False
spotify:track:4QhWbupniDd44EDtnh2bFJ,Pyramids,Frank Ocean,5,0.0,0.399,False,0.544,False,0.415,False,0.333,False,0.392,False
spotify:track:6WhwHYd38f4ZB2CefpDgLo,GIRLS,The Kid LAROI,3,0.0,0.399,False,0.563,False,0.412,False,0.321,False,0.402,False
spotify:track:47RTQoh3pzjhWLUMllNRRJ,Deewaana Deewaana,A.R. Rahman,6,0.167,0.399,False,0.553,False,0.409,False,0.341,False,0.381,False
spotify:track:2mwBSO58y92EYmEFpDfmS7,Suit Suit,Guru Randhawa,17,0.0,0.399,False,0.612,False,0.452,False,0.297,False,0.355,False
spotify:track:2dFqK2ZkYB9Xc47gr3xXWl,Replay,Tems,5,0.0,0.399,False,0.571,False,0.416,False,0.328,False,0.379,False
spotify:track:1LzNfuep1bnAUR9skqdHCK,Fade Into You,Mazzy Star,3,0.0,0.399,False,0.542,False,0.415,False,0.321,False,0.408,False
spotify:track:0W6I02J9xcqK8MtSeosEXb,Get Into It (Yuh),Doja Cat,3,0.0,0.398,False,0.559,False,0.407,False,0.326,False,0.397,False
spotify:track:3uxdBOY4eCts8eOS03J9Qf,j's lullaby (darlin' i'd wait for you),Delaney Bailey,3,0.0,0.398,False,0.554,False,0.409,False,0.319,False,0.408,False
spotify:track:4VxTzYm00mg82MuoT35Ja7,CHANEL,Tyla,4,0.0,0.398,False,0.547,False,0.406,False,0.327,False,0.403,False
spotify:track:7FYH5AW3bVfZHJIQpq3UOA,I Don't Fuck With You,Big Sean,6,0.167,0.398,False,0.546,False,0.416,False,0.316,False,0.409,False
spotify:track:35056uy2b4M1qJ3Z1ed3sf,Sere,SPINALL,4,0.25,0.398,False,0.529,False,0.405,False,0.335,False,0.404,False
spotify:track:3XBMJF4N7ZdZrK30oGCxpN,Hard 2 Face Reality,Poo Bear,4,0.25,0.398,False,0.529,False,0.408,False,0.335,False,0.4,False
spotify:track:6Yqmv7XJLCrQEauMbPGZSw,Maria I'm Drunk (feat. Justin Bieber & Young Thug),Travis Scott,4,0.0,0.398,False,0.552,False,0.41,False,0.331,False,0.39,False
spotify:track:2XHzzp1j4IfTNp1FTn7YFg,Love Me,Lil Wayne,5,0.0,0.398,False,0.545,False,0.397,False,0.338,False,0.4,False
spotify:track:0KKkJNfGyhkQ5aFogxQAPU,That's What I Like,Bruno Mars,3,0.333,0.398,False,0.543,False,0.411,False,0.34,False,0.38,False
spotify:track:6rY5FAWxCdAGllYEOZMbjW,SLOW DANCING IN THE DARK,Joji,3,0.333,0.397,False,0.526,False,0.401,False,0.336,False,0.408,False
spotify:track:5NEKjqTQPKiqOiOG8YxLdS,"All I Do Is Win (feat. T-Pain, Ludacris, Snoop Dogg & Rick Ross)",DJ Khaled,5,0.0,0.397,False,0.573,False,0.405,False,0.307,False,0.415,False
spotify:track:7zw6nQHTwml1mVuQDf5V6k,Break My Heart Again,FINNEAS,3,0.0,0.397,False,0.569,False,0.406,False,0.32,False,0.396,False
spotify:track:5BOBHIBuzvQuIYL1E1nDzl,Shea Butter Baby (with J. Cole),Ari Lennox,3,0.0,0.397,False,0.552,False,0.408,False,0.318,False,0.406,False
spotify:track:6DkXLzBQT7cwXmTyzAB1DJ,What's My Name?,Rihanna,4,0.0,0.397,False,0.544,False,0.405,False,0.324,False,0.405,False
spotify:track:1bM50INir8voAkVoKuvEUI,OMG (feat. will.i.am),USHER,3,0.333,0.396,False,0.532,False,0.408,False,0.332,False,0.396,False
spotify:track:60wwxj6Dd9NJlirf84wr2c,Clarity,Zedd,4,0.25,0.396,False,0.548,False,0.398,False,0.33,False,0.402,False
spotify:track:4cFwhwH5ydnHgB0Tv3lZsm,"O Saki Saki (From ""Batla House"")",Vishal-Shekhar,35,0.0,0.396,False,0.638,False,0.338,False,0.383,False,0.347,False
spotify:track:3xkHsmpQCBMytMJNiDf3Ii,Beautiful Things,Benson Boone,3,0.0,0.396,False,0.526,False,0.399,False,0.34,False,0.399,False
spotify:track:306ediRjbmuizOLWtjDG3Z,At My Worst (feat. Kehlani),Pink Sweat$,3,0.0,0.396,False,0.571,False,0.412,False,0.316,False,0.389,False
spotify:track:5sZSiLaxwbQZsQSDzhwgo4,LOVE AGAIN,The Kid LAROI,3,0.0,0.396,False,0.548,False,0.407,False,0.326,False,0.394,False
spotify:track:5TRPicyLGbAF2LGBFbHGvO,Flashing Lights,Kanye West,4,0.25,0.395,False,0.546,False,0.391,False,0.333,False,0.404,False
spotify:track:2enPRFda84VE2wtI8c86Uf,Always Forever,Cults,3,0.0,0.395,False,0.556,False,0.412,False,0.318,False,0.394,False
spotify:track:0TYhf0MgEj4YJaKwo5c4Km,Wicked Games,Kiana Ledé,3,0.0,0.395,False,0.562,False,0.402,False,0.322,False,0.395,False
spotify:track:5rb9QrpfcKFHM1EUbSIurX,Yeah! (feat. Lil Jon & Ludacris),USHER,4,0.0,0.395,False,0.557,False,0.405,False,0.327,False,0.386,False
spotify:track:0jDXI7wVvgJHmPvuBg133t,Honesty,Pink Sweat$,3,0.0,0.395,False,0.565,False,0.416,False,0.314,False,0.386,False
spotify:track:2e3Ea0o24lReQFR4FA7yXH,Love Yourz,J. Cole,4,0.0,0.395,False,0.543,False,0.404,False,0.326,False,0.395,False
spotify:track:2vdDGvRVJlD8DeRJzdaQrc,Invincible,Pop Smoke,4,0.0,0.394,False,0.569,False,0.418,False,0.301,False,0.4,False
spotify:track:3pYDZTJM2tVBUhIRifWVzI,Blow,Kesha,4,0.0,0.394,False,0.58,False,0.407,False,0.312,False,0.389,False
spotify:track:6rje9f1wRFJDO2iTORw0lH,I Know,Big Sean,4,0.25,0.394,False,0.534,False,0.395,False,0.332,False,0.401,False
spotify:track:0kN8xEmgMW9mh7UmDYHlJP,Versace on the Floor,Bruno Mars,5,0.0,0.394,False,0.578,False,0.42,False,0.332,False,0.342,False
spotify:track:4G92yYrUs0cvY7G41YRI0z,Jealous,Labrinth,4,0.0,0.394,False,0.552,False,0.408,False,0.317,False,0.394,False
spotify:track:1PS1QMdUqOal0ai3Gt7sDQ,Gold Digger,Kanye West,3,0.333,0.393,False,0.537,False,0.398,False,0.33,False,0.396,False
spotify:track:7EiZI6JVHllARrX9PUvAdX,Low Life (feat. The Weeknd),Future,3,0.333,0.393,False,0.562,False,0.376,False,0.334,False,0.403,False
spotify:track:22L7bfCiAkJo5xGSQgmiIO,All Of The Lights,Kanye West,4,0.25,0.393,False,0.549,False,0.391,False,0.324,False,0.404,False
spotify:track:5z36JzylwsiLGZ3JrtUEE6,"To Chalun - From ""Border""",Roop Kumar Rathod,6,0.0,0.392,False,0.56,False,0.406,False,0.338,False,0.357,False
spotify:track:1Lhwn4PqeGpM4LTVUowW76,You Rock My World,Michael Jackson,3,0.333,0.392,False,0.532,False,0.396,False,0.338,False,0.383,False
spotify:track:1WbhIxkn5ECsOwUm795iX1,Star Shopping,Lil Peep,5,0.0,0.391,False,0.538,False,0.398,False,0.323,False,0.396,False
spotify:track:3A02hWQ2ebOFDWSbAMNnpw,bittersweet,Madison Beer,5,0.2,0.391,False,0.546,False,0.4,False,0.309,False,0.407,False
spotify:track:3SJVCbBFTxR6UvvTWRNbMp,Jind Mahi,Diljit Dosanjh,11,0.091,0.391,False,0.576,False,0.422,False,0.273,False,0.416,False
spotify:track:1Jo0Zg7XlrA6z0mFTZVdkn,Don't Stop The Music,Rihanna,3,0.0,0.391,False,0.532,False,0.402,False,0.32,False,0.396,False
spotify:track:5yvVYFDUpbnjcnRBgjwTzM,Dracula - JENNIE Remix,Tame Impala,3,0.333,0.39,False,0.539,False,0.39,False,0.331,False,0.39,False
spotify:track:4q6dqyGM25sKFU8nYAGRe4,Show Me (feat. Chris Brown),Kid Ink,4,0.25,0.39,False,0.528,False,0.399,False,0.322,False,0.396,False
spotify:track:58q2HKrzhC3ozto2nDdN4z,I Like It,Cardi B,4,0.25,0.39,False,0.54,False,0.398,False,0.315,False,0.401,False
spotify:track:0VgkVdmE4gld66l8iyGjgx,Mask Off,Future,5,0.0,0.389,False,0.567,False,0.374,False,0.327,False,0.397,False
spotify:track:4AxG1T6UJJ4xCX4Wz6JDLG,People (feat. Ayra Starr & Omah Lay),Libianca,4,0.25,0.388,False,0.529,False,0.391,False,0.324,False,0.396,False
spotify:track:4Ilen0VxPEsVRLpnePji8P,"Slow Down - 12"" Version",Bobby V.,5,0.0,0.388,False,0.541,False,0.389,False,0.322,False,0.394,False
spotify:track:4knL4iPxPOZjQzTUlELGSY,Rake It Up (feat. Nicki Minaj),Yo Gotti,6,0.0,0.387,False,0.555,False,0.407,False,0.292,False,0.404,False
spotify:track:2HbKqm4o0w5wEeEFXm2sD4,Money Trees,Kendrick Lamar,4,0.25,0.387,False,0.558,False,0.372,False,0.326,False,0.396,False
spotify:track:6ucR4KfvsBFWCMVFDvyKKl,Apologize,Timbaland,3,0.0,0.387,False,0.535,False,0.401,False,0.325,False,0.374,False
spotify:track:1DwscornXpj8fmOmYVlqZt,Stateside + Zara Larsson,PinkPantheress,4,0.0,0.387,False,0.544,False,0.398,False,0.312,False,0.392,False
spotify:track:5Bngj85IUf1HrAWGhMAwRn,Interference,Tems,4,0.0,0.386,False,0.556,False,0.399,False,0.32,False,0.366,False
spotify:track:6VFKuuqSbA1GpMEosUgTwQ,Nobody But You,Sonder,4,0.0,0.383,False,0.515,False,0.392,False,0.316,False,0.394,False
spotify:track:2mdEsXPu8ZmkHRRtAdC09e,Cinnamon Girl,Lana Del Rey,3,0.0,0.383,False,0.525,False,0.391,False,0.309,False,0.399,False
spotify:track:6bxxtm8RCP4Zonw2f0WODD,Mind Games,Sickick,3,0.0,0.383,False,0.506,False,0.387,False,0.321,False,0.395,False
spotify:track:2PljnVsnl2PRwCvfhbdQup,Plan B,Megan Thee Stallion,3,0.333,0.383,False,0.52,False,0.385,False,0.315,False,0.4,False
spotify:track:4ZPdLEztrlZqbJkgHNw54L,Good Life,Kanye West,3,0.0,0.383,False,0.532,False,0.38,False,0.315,False,0.398,False
spotify:track:2Agp4orhknYXMMrHHpasqJ,miss u 2 (with Leon Thomas),Ty Dolla $ign,3,0.0,0.382,False,0.507,False,0.389,False,0.318,False,0.394,False
spotify:track:6Se3x9ANMLv0dCDsjGmEjh,do re mi,blackbear,3,0.0,0.382,False,0.523,False,0.389,False,0.312,False,0.394,False
spotify:track:030OCtLMrljNhp8OWHBWW3,Hey Daddy (Daddy's Home),USHER,3,0.0,0.381,False,0.516,False,0.389,False,0.314,False,0.389,False
spotify:track:6HZILIRieu8S0iqY8kIKhj,DNA.,Kendrick Lamar,4,0.0,0.381,False,0.539,False,0.371,False,0.315,False,0.397,False
spotify:track:0l5G2lhMOObcHiXyKwjgRF,Sincerely Letting Go,Maison Beauchase,3,0.0,0.38,False,0.516,False,0.388,False,0.314,False,0.389,False
spotify:track:1yCVsVH2hQ72SxNI8QTDaB,The Percocet & Stripper Joint,Future,4,0.0,0.379,False,0.554,False,0.368,False,0.309,False,0.391,False
spotify:track:31kxPC3ZB9AYwCLyHaqEVX,Me & U,Tems,3,0.0,0.378,False,0.543,False,0.4,False,0.304,False,0.364,False
spotify:track:46lFttIf5hnUZMGvjK0Wxo,Runaway (U & I),Galantis,4,0.0,0.378,False,0.522,False,0.378,False,0.312,False,0.39,False
spotify:track:0rY5TEzbVFwphIzMhMh7hX,Koi Si,Afsana Khan,4,0.0,0.378,False,0.522,False,0.382,False,0.311,False,0.387,False
spotify:track:2Qo4dGbslIPOVBrbh9m7v6,Rather Be,Kuzi Cee,4,0.0,0.378,False,0.522,False,0.383,False,0.307,False,0.39,False
spotify:track:5BkBcXJ0rDRlnzh3tmknxI,Party With A Jagaban,Midas the Jagaban,3,0.0,0.378,False,0.516,False,0.385,False,0.309,False,0.389,False
spotify:track:4wH4dJgrsxONID6KS2tDQM,Maneater,Nelly Furtado,3,0.0,0.378,False,0.514,False,0.377,False,0.313,False,0.394,False
spotify:track:6Rb0ptOEjBjPPQUlQtQGbL,Hotel Room Service,Pitbull,3,0.0,0.377,False,0.515,False,0.383,False,0.31,False,0.39,False
spotify:track:31CsSZ9KlQmEu0JvWSkM3j,Deslocado,NAPA,4,0.0,0.377,False,0.521,False,0.375,False,0.312,False,0.39,False
spotify:track:07L1pzoVerhRSSaDGZHrKy,The Lady in My Life,Michael Jackson,3,0.0,0.377,False,0.512,False,0.383,False,0.325,False,0.365,False
spotify:track:4w4EJ9EaeogHLLEYlUXFDo,The Key,Tems,3,0.0,0.377,False,0.53,False,0.393,False,0.304,False,0.372,False
spotify:track:2tudvzsrR56uom6smgOcSf,Like That,Future,4,0.0,0.377,False,0.546,False,0.359,False,0.314,False,0.391,False
spotify:track:1qMMYpVatbRITKCfq1gasi,PUFFIN ON ZOOTIEZ,Future,4,0.0,0.377,False,0.56,False,0.369,False,0.306,False,0.383,False
spotify:track:4MagTPnkPiDuIa4P8GtW1b,I Like Me Better,Lauv,4,0.0,0.376,False,0.515,False,0.382,False,0.311,False,0.384,False
spotify:track:3MNYWKzMNhTV6rI5h9eyhn,I GET IT,Moving in Silence,4,0.0,0.376,False,0.521,False,0.378,False,0.307,False,0.39,False
spotify:track:0y60itmpH0aPKsFiGxmtnh,Wait a Minute!,WILLOW,3,0.0,0.376,False,0.516,False,0.376,False,0.31,False,0.39,False
spotify:track:6bOLRTULQUiXeVnxOIPZVA,Gyal You a Party Animal,Charly Black,4,0.0,0.376,False,0.525,False,0.375,False,0.307,False,0.39,False
spotify:track:6AI3ezQ4o3HUoP6Dhudph3,Not Like Us,Kendrick Lamar,4,0.0,0.376,False,0.539,False,0.363,False,0.308,False,0.397,False
spotify:track:6nGeLlakfzlBcFdZXteDq7,Love Story,Indila,4,0.0,0.376,False,0.525,False,0.378,False,0.303,False,0.39,False
spotify:track:0RUGuh2uSNFJpGMSsD1F5C,It Will Rain,Bruno Mars,3,0.0,0.375,False,0.523,False,0.395,False,0.306,False,0.364,False
spotify:track:6gH4TId535zZLoBFSdnDFm,Love Me,JMSN,4,0.0,0.375,False,0.522,False,0.378,False,0.307,False,0.385,False
spotify:track:0g3BVmDikbkLfo2sURFvtm,Black Orpheus,Wayne Shorter,3,0.0,0.375,False,0.509,False,0.384,False,0.305,False,0.388,False
spotify:track:5hM5arv9KDbCHS0k9uqwjr,Borderline,Tame Impala,3,0.0,0.375,False,0.523,False,0.374,False,0.311,False,0.383,False
spotify:track:37f4ITSlgPX81ad2EvmVQr,Fight Song,Rachel Platten,3,0.0,0.375,False,0.509,False,0.378,False,0.309,False,0.388,False
spotify:track:6HZ9VeI5IRFCNQLXhpF4bq,I Love It (feat. Charli XCX),Icona Pop,3,0.0,0.374,False,0.515,False,0.378,False,0.305,False,0.388,False
spotify:track:3ZPKocroJIcnHGcnJVlLKD,Africa,Weezer,3,0.0,0.374,False,0.509,False,0.369,False,0.314,False,0.388,False
spotify:track:6iaSML1PIYq936g62BDtBq,Robbery,Juice WRLD,3,0.0,0.372,False,0.516,False,0.371,False,0.307,False,0.386,False
spotify:track:62vwAuRxiRQ4EmoQZaqCHX,Who Said,Clara La San,3,0.0,0.37,False,0.513,False,0.37,False,0.302,False,0.385,False
spotify:track:3JA9Jsuxr4xgHXEawAdCp4,Just Can’t Get Enough,Black Eyed Peas,4,0.0,0.368,False,0.525,False,0.373,False,0.286,False,0.39,False
spotify:track:0gxkhOg66cr6ZckoVwOoa8,Members Only,Mulaa Joans,3,0.0,0.368,False,0.513,False,0.362,False,0.305,False,0.383,False
